id,user,course,difficulty,workload,final_grade,semesters_taken,created_at,updated_at
4,4,104016,4.0,6.0,98.0,,2020-10-21 11:55:34.803390+00:00,2020-10-21 11:55:34.803410+00:00
6,4,114071,8.0,5.0,73.0,,2020-10-21 11:56:29.597224+00:00,2020-10-21 11:56:29.597269+00:00
7,4,234117,3.0,4.5,100.0,,2020-10-21 11:57:30.224478+00:00,2020-10-21 11:57:30.224506+00:00
8,4,104035,9.0,6.0,99.0,,2020-10-21 11:58:31.015122+00:00,2020-10-21 11:58:31.015142+00:00
9,4,104013,6.5,8.0,92.0,,2020-10-21 11:59:26.051200+00:00,2020-10-21 11:59:26.051229+00:00
10,4,114075,8.0,4.5,88.0,,2020-10-21 11:59:52.236010+00:00,2020-10-21 11:59:52.236060+00:00
11,4,44252,4.0,4.0,81.0,,2020-10-21 12:00:11.358587+00:00,2020-10-21 12:00:11.358634+00:00
12,4,104221,9.0,3.0,73.0,,2020-10-21 12:00:43.077576+00:00,2020-10-21 12:00:43.077603+00:00
13,4,234124,4.0,5.0,88.0,,2020-10-21 12:01:08.819419+00:00,2020-10-21 12:01:08.819441+00:00
14,4,234141,7.0,5.0,92.0,,2020-10-21 12:01:31.514595+00:00,2020-10-21 12:01:31.514625+00:00
15,4,44105,4.0,8.0,92.0,,2020-10-21 12:04:30.830909+00:00,2020-10-21 12:04:30.830928+00:00
16,4,44157,6.0,6.0,99.0,,2020-10-21 12:04:54.458481+00:00,2020-10-21 12:04:54.458501+00:00
17,4,44131,8.0,10.0,90.0,,2020-10-21 12:11:12.382201+00:00,2020-10-21 12:11:12.382221+00:00
18,4,234218,9.5,8.5,82.0,,2020-10-21 12:11:39.453781+00:00,2020-10-21 12:11:39.453801+00:00
19,4,234118,6.0,7.0,95.0,,2020-10-21 12:11:59.134673+00:00,2020-10-21 12:11:59.134693+00:00
22,5,104016,7.0,4.0,,,2020-10-21 14:09:48.116482+00:00,2020-10-21 14:09:48.116600+00:00
23,5,104031,8.5,6.0,,,2020-10-21 14:10:51.086892+00:00,2020-10-21 14:10:51.086922+00:00
24,5,114071,3.0,3.0,,,2020-10-21 14:11:27.423149+00:00,2020-10-21 14:11:27.423192+00:00
25,5,234117,2.0,4.5,,,2020-10-21 14:12:16.232258+00:00,2020-10-21 14:12:16.232294+00:00
26,5,394808,1.0,1.0,,,2020-10-21 14:12:40.002925+00:00,2020-10-21 14:12:40.002966+00:00
27,5,44252,5.5,9.0,,,2020-10-21 14:13:30.267800+00:00,2020-10-21 14:13:30.267829+00:00
28,5,45001,3.5,9.0,,,2020-10-21 14:13:57.602577+00:00,2020-10-21 14:13:57.602615+00:00
29,5,104013,5.0,6.0,,,2020-10-21 14:14:21.926969+00:00,2020-10-21 14:14:21.927005+00:00
30,5,104035,8.5,8.0,,,2020-10-21 14:14:49.229632+00:00,2020-10-21 14:14:49.229677+00:00
31,5,114032,3.0,10.0,,,2020-10-21 14:15:37.191298+00:00,2020-10-21 14:15:55.420074+00:00
32,5,114075,7.0,2.5,,,2020-10-21 14:16:15.609849+00:00,2020-10-21 14:16:15.609899+00:00
33,5,44157,2.5,7.0,,,2020-10-21 14:16:47.496864+00:00,2020-10-21 14:16:47.496893+00:00
34,5,44105,7.0,7.0,,,2020-10-21 14:17:24.877011+00:00,2020-10-21 14:17:24.877041+00:00
35,5,44268,7.5,8.5,,,2020-10-21 14:18:10.413333+00:00,2020-10-21 14:18:10.413371+00:00
36,5,104221,10.0,5.0,,,2020-10-21 14:18:27.810710+00:00,2020-10-21 14:18:27.810757+00:00
37,5,104223,9.5,5.5,,,2020-10-21 14:18:51.011516+00:00,2020-10-21 14:18:51.011557+00:00
38,5,114073,6.0,2.0,,,2020-10-21 14:19:11.494668+00:00,2020-10-21 14:19:11.494695+00:00
39,5,324602,1.0,2.0,,,2020-10-21 14:19:36.885550+00:00,2020-10-21 14:19:36.885578+00:00
40,5,44101,5.0,9.5,,,2020-10-21 14:19:59.271250+00:00,2020-10-21 14:19:59.271275+00:00
41,5,44127,8.5,8.0,,,2020-10-21 14:20:14.606616+00:00,2020-10-21 14:20:31.540346+00:00
42,5,44131,8.5,8.5,,,2020-10-21 14:20:54.957642+00:00,2020-10-21 14:20:54.957673+00:00
43,5,46002,9.5,7.0,,,2020-10-21 14:21:17.678397+00:00,2020-10-21 14:21:17.678424+00:00
44,5,104034,5.5,1.5,,,2020-10-21 14:21:37.602737+00:00,2020-10-21 14:21:37.602766+00:00
45,5,104134,5.0,3.0,,,2020-10-21 14:23:17.683121+00:00,2020-10-21 14:23:17.683161+00:00
21,4,104034,3.0,4.0,88.0,,2020-10-21 12:12:45.623934+00:00,2020-10-22 11:38:34.082357+00:00
46,6,234292,6.5,4.0,93.0,,2020-10-22 13:16:03.710518+00:00,2020-10-22 13:16:03.710551+00:00
47,6,234123,9.0,9.0,85.0,,2020-10-22 13:16:30.002811+00:00,2020-10-22 13:16:30.002860+00:00
48,6,234118,6.0,7.0,89.0,,2020-10-22 13:17:04.021608+00:00,2020-10-22 13:17:04.021646+00:00
49,6,94412,8.5,3.0,78.0,,2020-10-22 13:17:51.887755+00:00,2020-10-22 13:17:51.887805+00:00
50,7,104031,8.5,7.5,89.0,,2020-10-22 13:22:53.622010+00:00,2020-10-22 13:22:53.622057+00:00
51,8,106383,7.0,4.0,95.0,,2020-10-22 13:23:23.642555+00:00,2020-10-22 13:23:23.642601+00:00
52,7,45001,1.5,1.5,95.0,,2020-10-22 13:23:43.106613+00:00,2020-10-22 13:23:43.106656+00:00
53,7,104016,5.5,6.5,90.0,,2020-10-22 13:24:16.058705+00:00,2020-10-22 13:24:16.058753+00:00
54,7,114071,7.0,5.0,73.0,,2020-10-22 13:24:50.367555+00:00,2020-10-22 13:24:50.367606+00:00
55,8,104122,8.0,6.5,,,2020-10-22 13:28:48.093087+00:00,2020-10-22 13:28:48.093139+00:00
56,11,114071,7.0,4.0,78.0,,2020-10-22 13:34:03.653208+00:00,2020-10-22 13:34:03.653250+00:00
57,11,104016,6.0,6.5,80.0,,2020-10-22 13:34:28.926663+00:00,2020-10-22 13:34:28.926706+00:00
58,11,104031,8.5,7.0,73.0,,2020-10-22 13:35:05.649381+00:00,2020-10-22 13:35:05.649436+00:00
59,11,104035,6.0,6.0,82.0,,2020-10-22 13:35:18.901473+00:00,2020-10-22 13:35:18.901522+00:00
60,11,234114,4.0,4.0,83.0,,2020-10-22 13:35:37.831164+00:00,2020-10-22 13:35:37.831216+00:00
61,11,45001,1.0,1.5,98.0,,2020-10-22 13:36:11.945318+00:00,2020-10-22 13:36:11.945348+00:00
62,11,114032,7.0,7.0,87.0,,2020-10-22 13:36:58.504317+00:00,2020-10-22 13:36:58.504366+00:00
63,11,104013,8.5,7.0,65.0,,2020-10-22 13:37:35.741495+00:00,2020-10-22 13:37:35.741543+00:00
64,11,44252,6.0,3.5,80.0,,2020-10-22 13:37:53.507325+00:00,2020-10-22 13:37:53.507361+00:00
65,11,114075,9.0,5.5,74.0,,2020-10-22 13:38:31.561740+00:00,2020-10-22 13:38:31.561784+00:00
66,12,44252,2.5,5.0,95.0,,2020-10-22 13:41:36.298218+00:00,2020-10-22 13:41:36.298243+00:00
67,12,104016,2.0,4.5,96.0,,2020-10-22 13:45:12.182536+00:00,2020-10-22 13:45:12.182583+00:00
68,12,104013,5.5,5.5,100.0,,2020-10-22 13:45:44.841730+00:00,2020-10-22 13:45:44.841771+00:00
69,12,104035,8.0,6.5,,,2020-10-22 13:46:05.457403+00:00,2020-10-22 13:46:05.457444+00:00
70,12,104031,7.0,7.0,100.0,,2020-10-22 13:46:35.612585+00:00,2020-10-22 13:46:35.612626+00:00
71,12,234117,4.0,6.0,,,2020-10-22 13:47:01.006174+00:00,2020-10-22 13:47:01.006229+00:00
73,12,114071,7.5,6.0,100.0,,2020-10-22 13:49:21.633088+00:00,2020-10-22 13:49:21.633116+00:00
74,12,45001,1.0,1.5,,,2020-10-22 13:51:16.113681+00:00,2020-10-22 13:51:16.113732+00:00
75,7,234117,5.0,5.0,86.0,,2020-10-22 14:11:33.361589+00:00,2020-10-22 14:11:33.361643+00:00
76,7,324032,5.0,5.0,,,2020-10-22 14:12:16.245759+00:00,2020-10-22 14:12:16.245808+00:00
77,7,324033,5.0,5.0,,,2020-10-22 14:12:28.996815+00:00,2020-10-22 14:12:28.996913+00:00
78,7,394803,3.5,1.5,95.0,,2020-10-22 14:13:05.321728+00:00,2020-10-22 14:13:05.321778+00:00
79,7,44252,6.0,6.5,88.0,,2020-10-22 14:13:46.471610+00:00,2020-10-22 14:13:46.471648+00:00
80,7,104013,8.5,7.0,88.0,,2020-10-22 14:14:32.519229+00:00,2020-10-22 14:14:32.519265+00:00
81,7,104035,7.0,6.5,98.0,,2020-10-22 14:15:07.094048+00:00,2020-10-22 14:15:07.094101+00:00
82,7,114032,7.5,9.5,95.0,,2020-10-22 14:16:03.928434+00:00,2020-10-22 14:16:03.928463+00:00
83,7,114075,9.0,5.0,99.0,,2020-10-22 14:16:58.846352+00:00,2020-10-22 14:16:58.846390+00:00
84,7,44105,5.0,9.5,96.0,,2020-10-22 14:17:30.715226+00:00,2020-10-22 14:17:30.715277+00:00
85,7,44157,4.0,7.5,98.0,,2020-10-22 14:18:03.010252+00:00,2020-10-22 14:18:03.010311+00:00
86,7,44268,9.0,8.0,79.0,,2020-10-22 14:18:28.318689+00:00,2020-10-22 14:18:28.318733+00:00
87,7,104221,9.5,7.0,82.0,,2020-10-22 14:19:00.596942+00:00,2020-10-22 14:19:00.596983+00:00
88,7,104223,8.0,5.0,90.0,,2020-10-22 14:19:28.239462+00:00,2020-10-22 14:19:28.239512+00:00
89,7,114073,9.0,7.5,95.0,,2020-10-22 14:20:03.241590+00:00,2020-10-22 14:20:03.241635+00:00
90,7,394801,1.5,1.5,94.0,,2020-10-22 14:20:28.980841+00:00,2020-10-22 14:20:28.980889+00:00
91,7,44127,6.5,8.0,86.0,,2020-10-22 14:20:58.482822+00:00,2020-10-22 14:20:58.482868+00:00
92,7,44131,9.5,10.0,85.0,,2020-10-22 14:21:19.207989+00:00,2020-10-22 14:21:19.208040+00:00
93,7,44140,10.0,4.0,78.0,,2020-10-22 14:21:43.739475+00:00,2020-10-22 14:21:43.739512+00:00
94,14,104032,7.0,7.0,,,2020-10-22 14:21:49.789678+00:00,2020-10-22 14:21:49.789731+00:00
95,7,104034,6.0,4.5,100.0,,2020-10-22 14:22:21.925809+00:00,2020-10-22 14:22:21.925855+00:00
96,14,104018,7.0,7.0,,,2020-10-22 14:22:25.421779+00:00,2020-10-22 14:22:25.421824+00:00
98,7,324395,1.5,1.0,100.0,,2020-10-22 14:22:55.904304+00:00,2020-10-22 14:22:55.904354+00:00
100,7,324992,1.0,1.5,100.0,,2020-10-22 14:23:14.596536+00:00,2020-10-22 14:23:14.596580+00:00
101,14,234247,8.0,5.0,,,2020-10-22 14:23:27.931935+00:00,2020-10-22 14:23:27.931988+00:00
97,14,104134,4.0,4.0,,,2020-10-22 14:22:44.863583+00:00,2020-10-22 14:22:44.863632+00:00
99,14,104166,6.5,7.0,,,2020-10-22 14:23:07.210081+00:00,2020-10-22 14:23:07.210129+00:00
102,14,234124,5.0,7.5,,,2020-10-22 14:24:24.738201+00:00,2020-10-22 14:24:24.738251+00:00
104,7,324959,1.5,1.0,97.0,,2020-10-22 14:27:05.944165+00:00,2020-10-22 14:27:05.944218+00:00
105,16,104016,3.0,3.0,90.0,,2020-10-22 14:50:36.229109+00:00,2020-10-22 14:50:36.229161+00:00
106,16,104031,6.0,4.0,81.0,,2020-10-22 14:51:15.292399+00:00,2020-10-22 14:51:15.292444+00:00
107,16,114074,8.0,7.0,70.0,,2020-10-22 14:51:45.525602+00:00,2020-10-22 14:51:45.525654+00:00
108,16,234128,4.0,6.0,70.0,,2020-10-22 14:52:23.604615+00:00,2020-10-22 14:52:23.604657+00:00
109,16,104013,4.0,6.0,90.0,,2020-10-22 14:53:00.132020+00:00,2020-10-22 14:53:00.132069+00:00
110,16,104035,3.5,5.5,85.0,,2020-10-22 14:53:36.139446+00:00,2020-10-22 14:53:36.139492+00:00
111,17,104173,8.5,5.5,100.0,,2020-10-22 14:54:14.433326+00:00,2020-10-22 14:54:14.433366+00:00
112,17,104032,9.0,10.0,90.0,,2020-10-22 14:54:43.499935+00:00,2020-10-22 14:54:43.499983+00:00
113,17,104295,10.0,8.5,86.0,,2020-10-22 14:55:02.303240+00:00,2020-10-22 14:55:02.303271+00:00
114,17,104031,6.0,8.5,89.0,,2020-10-22 14:55:21.378867+00:00,2020-10-22 14:55:21.378927+00:00
115,17,104166,7.5,8.5,90.0,,2020-10-22 14:55:53.204130+00:00,2020-10-22 14:55:53.204175+00:00
116,17,234218,7.0,9.5,89.0,,2020-10-22 14:56:14.508792+00:00,2020-10-22 14:56:14.508846+00:00
117,17,234292,3.0,2.0,86.0,,2020-10-22 14:56:31.298161+00:00,2020-10-22 14:56:31.298213+00:00
118,17,234114,3.0,3.0,80.0,,2020-10-22 14:57:08.864756+00:00,2020-10-22 14:57:08.864786+00:00
119,17,114071,6.5,7.5,81.0,,2020-10-22 14:57:39.003855+00:00,2020-10-22 14:57:39.003909+00:00
120,17,114075,10.0,9.0,79.0,,2020-10-22 14:58:27.719520+00:00,2020-10-22 14:58:27.719544+00:00
121,17,44252,3.0,3.5,87.0,,2020-10-22 14:58:56.879652+00:00,2020-10-22 14:58:56.879692+00:00
123,20,104016,6.0,6.0,,,2020-10-22 17:22:23.379776+00:00,2020-10-22 17:22:23.379796+00:00
124,20,125001,4.5,4.0,,,2020-10-22 17:23:04.449994+00:00,2020-10-22 17:23:04.450112+00:00
125,20,104018,7.5,7.0,,,2020-10-22 17:23:36.335847+00:00,2020-10-22 17:23:36.335885+00:00
126,20,104013,5.5,6.0,,,2020-10-22 17:24:06.848981+00:00,2020-10-22 17:24:06.849036+00:00
127,20,104035,6.5,7.0,,,2020-10-22 17:24:28.392816+00:00,2020-10-22 17:24:28.392859+00:00
128,20,114074,8.0,7.5,,,2020-10-22 17:24:55.649036+00:00,2020-10-22 17:24:55.649083+00:00
129,20,114086,5.0,4.5,,,2020-10-22 17:25:51.191730+00:00,2020-10-22 17:25:51.191770+00:00
130,20,106413,7.0,7.0,,,2020-10-22 17:26:19.484039+00:00,2020-10-22 17:26:19.484060+00:00
131,20,114101,8.0,7.5,,,2020-10-22 17:26:43.379891+00:00,2020-10-22 17:26:43.379921+00:00
132,20,314011,5.0,4.5,,,2020-10-22 17:27:08.991800+00:00,2020-10-22 17:27:08.991822+00:00
133,21,104195,9.0,9.0,95.0,,2020-10-22 17:27:32.809841+00:00,2020-10-22 17:27:32.809881+00:00
134,20,104215,3.5,3.0,,,2020-10-22 17:28:02.512580+00:00,2020-10-22 17:28:02.512617+00:00
135,21,104166,6.0,4.5,,,2020-10-22 17:28:02.728419+00:00,2020-10-22 17:28:02.728461+00:00
136,21,114074,9.5,9.5,93.0,,2020-10-22 17:28:44.440060+00:00,2020-10-22 17:28:44.440152+00:00
137,22,104131,3.5,3.0,99.0,,2020-10-22 20:25:15.627977+00:00,2020-10-22 20:25:15.628027+00:00
138,22,234112,4.5,3.5,89.0,,2020-10-22 20:25:59.292306+00:00,2020-10-22 20:25:59.292334+00:00
139,22,14008,4.0,4.0,80.0,,2020-10-22 20:26:32.903508+00:00,2020-10-22 20:27:01.698299+00:00
140,22,104003,8.5,7.5,68.0,,2020-10-22 20:27:49.487622+00:00,2020-10-22 20:27:49.487641+00:00
141,22,104019,8.5,8.5,90.0,,2020-10-22 20:31:44.252931+00:00,2020-10-22 20:31:44.252974+00:00
142,22,125001,10.0,8.0,63.0,,2020-10-22 20:32:25.021469+00:00,2020-10-22 20:32:25.021495+00:00
143,23,44105,7.0,8.0,,,2020-10-22 21:13:44.561913+00:00,2020-10-22 21:13:44.561939+00:00
144,23,44252,9.0,7.0,,,2020-10-22 21:14:14.328919+00:00,2020-10-22 21:14:14.328957+00:00
145,23,104134,6.5,3.0,,,2020-10-22 21:14:47.041120+00:00,2020-10-22 21:14:47.041164+00:00
146,23,234124,10.0,9.5,,,2020-10-22 21:15:27.032021+00:00,2020-10-22 21:15:27.032042+00:00
147,23,234118,10.0,9.0,,,2020-10-22 21:15:47.114901+00:00,2020-10-22 21:15:47.114938+00:00
148,23,114071,10.0,7.0,,,2020-10-22 21:16:19.706057+00:00,2020-10-22 21:16:19.706075+00:00
149,23,114075,10.0,8.5,,,2020-10-22 21:16:40.419510+00:00,2020-10-22 21:16:40.419529+00:00
150,23,234141,8.0,4.0,,,2020-10-22 21:17:11.758787+00:00,2020-10-22 21:17:11.758808+00:00
151,24,104032,8.0,5.0,100.0,,2020-10-22 21:20:26.652383+00:00,2020-10-22 21:20:26.652405+00:00
152,24,104031,10.0,6.0,96.0,,2020-10-22 21:20:49.207563+00:00,2020-10-22 21:20:49.207583+00:00
153,24,104166,6.0,8.0,99.0,,2020-10-22 21:21:27.528404+00:00,2020-10-22 21:21:27.528423+00:00
154,24,234114,2.0,5.0,89.0,,2020-10-22 21:22:03.299425+00:00,2020-10-22 21:22:03.299459+00:00
155,24,234129,5.0,3.5,96.0,,2020-10-22 21:22:28.783199+00:00,2020-10-22 21:22:28.783240+00:00
156,24,324033,1.0,1.0,,,2020-10-22 21:22:45.919894+00:00,2020-10-22 21:22:45.919914+00:00
157,15,104031,7.0,6.5,79.0,,2020-10-23 05:07:39.772277+00:00,2020-10-23 05:07:39.772323+00:00
158,15,104166,9.0,7.5,79.0,,2020-10-23 05:08:25.325079+00:00,2020-10-23 05:08:25.325127+00:00
159,15,234114,2.0,3.0,94.0,,2020-10-23 05:09:04.114435+00:00,2020-10-23 05:09:04.114473+00:00
160,15,234129,7.0,1.0,76.0,,2020-10-23 05:10:07.415078+00:00,2020-10-23 05:10:07.415116+00:00
161,15,114071,6.0,6.0,98.0,,2020-10-23 05:10:49.095875+00:00,2020-10-23 05:10:49.095916+00:00
162,15,104134,5.0,6.0,82.0,,2020-10-23 05:11:38.588261+00:00,2020-10-23 05:11:38.588301+00:00
163,15,234124,5.0,10.0,91.0,,2020-10-23 05:12:02.271073+00:00,2020-10-23 05:12:02.271109+00:00
164,15,104032,8.0,7.0,86.0,,2020-10-23 05:12:28.832752+00:00,2020-10-23 05:12:28.832780+00:00
165,15,234141,8.0,2.0,72.0,,2020-10-23 05:13:23.772632+00:00,2020-10-23 05:13:23.772652+00:00
167,27,104166,7.5,9.0,94.0,,2020-10-23 08:48:39.183093+00:00,2020-10-23 08:48:39.183132+00:00
168,27,104031,8.0,9.0,100.0,,2020-10-23 08:49:36.185298+00:00,2020-10-23 08:49:48.800728+00:00
169,27,234114,4.0,2.0,99.0,,2020-10-23 08:50:34.887650+00:00,2020-10-23 08:50:34.887685+00:00
170,27,104032,8.0,7.5,100.0,,2020-10-23 08:51:25.294934+00:00,2020-10-23 08:51:25.295028+00:00
171,27,234124,7.5,10.0,86.0,,2020-10-23 08:52:20.302981+00:00,2020-10-23 08:52:20.303032+00:00
172,27,234125,7.0,8.0,97.0,,2020-10-23 08:53:23.239614+00:00,2020-10-23 08:53:23.239649+00:00
173,27,234141,9.0,6.0,95.0,,2020-10-23 08:53:46.747979+00:00,2020-10-23 08:53:46.748016+00:00
174,27,234129,5.5,3.0,88.0,,2020-10-23 08:56:12.724946+00:00,2020-10-23 08:56:12.724994+00:00
175,28,114074,9.0,7.0,85.0,,2020-10-23 09:24:59.025677+00:00,2020-10-23 09:25:16.079906+00:00
183,13,104166,5.0,4.0,96.0,,2020-10-23 11:35:50.828932+00:00,2020-10-23 11:35:50.828975+00:00
184,13,234114,4.0,6.0,86.0,,2020-10-23 11:36:16.218560+00:00,2020-10-23 11:36:16.218599+00:00
176,28,104031,7.5,7.0,86.0,,2020-10-23 09:26:03.820040+00:00,2020-10-23 09:31:36.221471+00:00
178,28,234117,9.0,8.5,95.0,,2020-10-23 09:28:27.722630+00:00,2020-10-23 09:31:47.368244+00:00
177,28,104016,10.0,7.0,93.0,,2020-10-23 09:27:33.879537+00:00,2020-10-23 09:32:01.806127+00:00
179,28,45001,1.0,1.0,97.0,,2020-10-23 09:32:35.174961+00:00,2020-10-23 09:32:35.174987+00:00
180,28,44252,5.5,5.0,90.0,,2020-10-23 09:33:34.569645+00:00,2020-10-23 09:33:34.569687+00:00
181,28,104013,6.0,5.5,92.0,,2020-10-23 09:36:22.991431+00:00,2020-10-23 09:36:22.991555+00:00
182,13,104031,7.5,7.5,83.0,,2020-10-23 11:35:31.312918+00:00,2020-10-23 11:35:31.312958+00:00
185,13,234129,2.5,2.5,97.0,,2020-10-23 11:36:38.537681+00:00,2020-10-23 11:36:38.537702+00:00
186,29,234114,2.0,1.5,97.0,,2020-10-23 19:20:57.648113+00:00,2020-10-23 19:20:57.648141+00:00
187,29,114071,2.5,1.0,93.0,,2020-10-23 19:21:34.519374+00:00,2020-10-23 19:21:34.519414+00:00
188,29,234124,5.5,8.0,91.0,,2020-10-23 19:22:05.737477+00:00,2020-10-23 19:22:05.737517+00:00
189,29,104166,5.0,5.0,76.0,,2020-10-23 19:22:28.209510+00:00,2020-10-23 19:22:28.209534+00:00
190,29,104195,7.0,5.0,71.0,,2020-10-23 19:23:13.624838+00:00,2020-10-23 19:23:13.624869+00:00
192,29,104281,7.0,5.5,76.0,,2020-10-23 19:25:16.660799+00:00,2020-10-23 19:25:16.660826+00:00
193,29,104286,8.0,3.0,71.0,,2020-10-23 19:25:41.245852+00:00,2020-10-23 19:25:41.245889+00:00
194,29,104002,4.0,3.0,95.0,,2020-10-23 19:26:58.002462+00:00,2020-10-23 19:26:58.002483+00:00
195,30,104031,9.5,8.5,65.0,,2020-10-24 06:42:10.684016+00:00,2020-10-24 06:42:10.684045+00:00
196,30,104016,9.0,8.5,77.0,,2020-10-24 06:44:05.329516+00:00,2020-10-24 06:44:05.329542+00:00
197,30,114071,9.5,9.0,80.0,,2020-10-24 06:44:34.051111+00:00,2020-10-24 06:44:34.051159+00:00
198,30,234117,9.5,9.5,75.0,,2020-10-24 06:45:06.071048+00:00,2020-10-24 06:45:06.071096+00:00
199,30,44252,9.0,8.5,78.0,,2020-10-24 06:46:30.169180+00:00,2020-10-24 06:46:30.169212+00:00
200,30,114075,9.5,8.5,71.0,,2020-10-24 06:47:08.047841+00:00,2020-10-24 06:47:08.047889+00:00
201,30,104013,9.0,8.0,85.0,,2020-10-24 06:48:04.982335+00:00,2020-10-24 06:48:04.982376+00:00
202,30,104035,8.5,8.5,97.0,,2020-10-24 06:48:55.611935+00:00,2020-10-24 06:48:55.611964+00:00
203,30,114032,6.5,9.0,94.0,,2020-10-24 06:49:57.667359+00:00,2020-10-24 06:49:57.667389+00:00
204,30,44157,8.5,9.5,96.0,,2020-10-24 06:50:50.610592+00:00,2020-10-24 06:50:50.610616+00:00
205,30,104221,9.5,8.0,71.0,,2020-10-24 06:52:00.232422+00:00,2020-10-24 06:52:00.232468+00:00
206,30,104223,9.0,7.5,87.0,,2020-10-24 06:52:55.901640+00:00,2020-10-24 06:52:55.901694+00:00
207,30,44268,8.5,9.0,88.0,,2020-10-24 06:53:54.750966+00:00,2020-10-24 06:53:54.751010+00:00
208,30,44105,8.5,9.5,92.0,,2020-10-24 06:54:29.972265+00:00,2020-10-24 06:54:29.972309+00:00
209,30,114073,8.5,7.5,92.0,,2020-10-24 06:55:10.012159+00:00,2020-10-24 06:55:10.012206+00:00
210,30,44101,8.5,9.5,85.0,,2020-10-24 06:56:29.208526+00:00,2020-10-24 06:56:29.208572+00:00
211,31,104195,9.0,9.5,93.0,,2020-10-24 06:56:42.253929+00:00,2020-10-24 06:56:42.253978+00:00
212,30,44127,9.5,8.5,84.0,,2020-10-24 06:57:01.938314+00:00,2020-10-24 06:57:01.938365+00:00
213,31,234117,8.5,8.0,67.0,,2020-10-24 06:57:19.258132+00:00,2020-10-24 06:57:19.258174+00:00
214,30,44131,9.0,9.5,96.0,,2020-10-24 06:57:35.993872+00:00,2020-10-24 06:57:35.993914+00:00
215,30,104034,8.5,6.5,100.0,,2020-10-24 06:58:26.636211+00:00,2020-10-24 06:58:26.636253+00:00
216,31,104016,6.0,5.5,78.0,,2020-10-24 06:59:05.054059+00:00,2020-10-24 06:59:05.054095+00:00
217,31,114051,7.0,4.0,83.0,,2020-10-24 06:59:29.431353+00:00,2020-10-24 06:59:29.431374+00:00
218,30,324298,1.0,2.0,100.0,,2020-10-24 06:59:34.965490+00:00,2020-10-24 06:59:34.965524+00:00
219,31,94345,4.0,4.0,84.0,,2020-10-24 06:59:55.136168+00:00,2020-10-24 06:59:55.136202+00:00
220,31,94219,8.5,8.0,,,2020-10-24 07:00:42.290454+00:00,2020-10-24 07:00:42.290500+00:00
221,30,44158,8.5,7.5,99.0,,2020-10-24 07:00:42.903703+00:00,2020-10-24 07:00:42.903744+00:00
223,31,114071,9.0,6.5,,,2020-10-24 07:03:55.507144+00:00,2020-10-24 07:03:55.507190+00:00
224,31,94347,4.0,4.0,,,2020-10-24 07:05:13.766986+00:00,2020-10-24 07:05:13.767034+00:00
225,32,104031,8.0,7.0,5.0,,2020-10-24 12:42:32.322495+00:00,2020-10-24 12:42:32.322545+00:00
226,32,104166,8.0,7.0,6.0,,2020-10-24 12:43:20.786666+00:00,2020-10-24 12:43:20.786696+00:00
227,32,234114,6.0,6.0,8.0,,2020-10-24 12:43:53.234450+00:00,2020-10-24 12:43:53.234498+00:00
228,32,234129,5.0,5.0,7.0,,2020-10-24 12:44:34.534430+00:00,2020-10-24 12:44:34.534473+00:00
229,33,44102,1.5,1.0,,,2020-10-24 12:44:54.623549+00:00,2020-10-24 12:44:54.623600+00:00
230,33,45001,2.0,3.0,97.0,,2020-10-24 12:45:19.295223+00:00,2020-10-24 12:45:19.295253+00:00
231,32,394800,2.0,1.0,8.0,,2020-10-24 12:45:19.677346+00:00,2020-10-24 12:45:19.677395+00:00
232,33,104016,5.5,6.0,83.0,,2020-10-24 12:45:43.037459+00:00,2020-10-24 12:45:43.037506+00:00
233,32,104032,8.5,7.0,5.0,,2020-10-24 12:46:01.012076+00:00,2020-10-24 12:46:01.012110+00:00
234,33,104031,8.5,7.0,,,2020-10-24 12:46:08.649112+00:00,2020-10-24 12:46:08.649162+00:00
235,32,114071,7.5,5.0,4.0,,2020-10-24 12:46:30.596861+00:00,2020-10-24 12:46:30.596910+00:00
236,33,114071,5.5,5.0,97.0,,2020-10-24 12:46:31.679416+00:00,2020-10-24 12:46:31.679465+00:00
237,33,234117,6.0,6.0,,,2020-10-24 12:46:56.778686+00:00,2020-10-24 12:46:56.778735+00:00
239,33,44252,6.5,6.5,96.0,,2020-10-24 12:47:23.397665+00:00,2020-10-24 12:47:23.397721+00:00
240,33,104013,9.0,9.0,100.0,,2020-10-24 12:47:49.037038+00:00,2020-10-24 12:47:49.037070+00:00
241,32,234125,6.5,7.0,7.0,,2020-10-24 12:48:02.133043+00:00,2020-10-24 12:48:02.133092+00:00
242,33,104035,7.5,7.0,93.0,,2020-10-24 12:48:10.219795+00:00,2020-10-24 12:48:10.219821+00:00
243,33,114075,9.0,6.0,92.0,,2020-10-24 12:48:32.927563+00:00,2020-10-24 12:48:32.927614+00:00
245,32,44252,7.0,7.0,7.0,,2020-10-24 12:49:39.189011+00:00,2020-10-24 12:49:39.189052+00:00
244,32,234141,7.5,6.5,6.0,,2020-10-24 12:48:44.371830+00:00,2020-10-24 12:49:58.697317+00:00
238,32,234124,6.5,8.0,8.0,,2020-10-24 12:47:22.640303+00:00,2020-10-24 12:50:23.020837+00:00
246,32,104134,5.5,6.5,7.0,,2020-10-24 12:51:10.830567+00:00,2020-10-24 12:51:10.830611+00:00
247,32,234292,6.0,6.0,6.0,,2020-10-24 12:51:45.118628+00:00,2020-10-24 12:51:45.118674+00:00
248,32,324457,2.0,1.5,9.0,,2020-10-24 12:52:23.010651+00:00,2020-10-24 12:52:23.010689+00:00
249,32,94412,8.0,7.0,6.0,,2020-10-24 12:53:01.070931+00:00,2020-10-24 12:53:01.070978+00:00
250,32,94591,5.0,2.5,9.0,,2020-10-24 12:53:42.796915+00:00,2020-10-24 12:53:42.796962+00:00
251,32,104174,7.5,6.0,7.0,,2020-10-24 12:54:15.687015+00:00,2020-10-24 12:54:15.687063+00:00
252,32,234218,8.0,8.0,8.0,,2020-10-24 12:54:42.273485+00:00,2020-10-24 12:54:42.273533+00:00
253,32,324292,1.5,2.0,9.0,,2020-10-24 12:55:23.298417+00:00,2020-10-24 12:55:23.298455+00:00
254,8,104144,6.5,5.0,100.0,,2020-10-25 08:29:49.053599+00:00,2020-10-25 08:29:49.053636+00:00
255,7,324528,1.0,1.5,98.0,,2020-10-25 09:22:50.962509+00:00,2020-10-25 09:22:50.962549+00:00
256,34,44102,1.0,1.0,100.0,,2020-10-26 07:25:48.322513+00:00,2020-10-26 07:25:48.322548+00:00
257,34,104016,6.0,8.0,82.0,,2020-10-26 07:26:33.595139+00:00,2020-10-26 07:26:33.595165+00:00
258,34,104031,9.0,10.0,63.0,,2020-10-26 07:27:22.538363+00:00,2020-10-26 07:27:22.538388+00:00
259,34,114071,8.5,6.5,80.0,,2020-10-26 07:28:30.268785+00:00,2020-10-26 07:28:30.268805+00:00
260,34,234117,7.0,10.0,98.0,,2020-10-26 07:29:08.498013+00:00,2020-10-26 07:29:08.498032+00:00
261,34,44252,6.0,8.5,85.0,,2020-10-26 07:31:42.167101+00:00,2020-10-26 07:31:42.167134+00:00
262,34,104013,10.0,5.5,83.0,,2020-10-26 07:32:29.719495+00:00,2020-10-26 07:32:29.719520+00:00
263,34,104035,8.0,6.5,82.0,,2020-10-26 07:34:40.133975+00:00,2020-10-26 07:34:40.134015+00:00
264,34,114075,10.0,7.5,88.0,,2020-10-26 07:35:13.256458+00:00,2020-10-26 07:35:13.256477+00:00
265,34,44105,4.0,8.5,100.0,,2020-10-26 07:36:47.327345+00:00,2020-10-26 07:36:47.327366+00:00
266,34,104221,9.0,4.5,76.0,,2020-10-26 07:38:56.170338+00:00,2020-10-26 07:38:56.170365+00:00
267,34,104223,7.0,5.5,85.0,,2020-10-26 07:39:36.956590+00:00,2020-10-26 07:39:36.956630+00:00
268,34,234124,6.0,7.0,79.0,,2020-10-26 07:40:15.088261+00:00,2020-10-26 07:40:15.088286+00:00
269,34,234141,9.5,2.0,72.0,,2020-10-26 07:41:02.063021+00:00,2020-10-26 07:41:02.063067+00:00
270,34,44127,7.5,3.0,78.0,,2020-10-26 07:41:35.025160+00:00,2020-10-26 07:41:35.025204+00:00
271,34,44131,8.5,9.5,88.0,,2020-10-26 07:42:14.618129+00:00,2020-10-26 07:42:14.618180+00:00
272,34,104034,4.0,2.5,85.0,,2020-10-26 07:43:09.643197+00:00,2020-10-26 07:43:09.643222+00:00
273,34,104134,1.5,1.5,94.0,,2020-10-26 07:43:38.589476+00:00,2020-10-26 07:43:38.589515+00:00
274,34,234118,1.5,6.5,87.0,,2020-10-26 07:44:25.533751+00:00,2020-10-26 07:44:25.533771+00:00
275,34,234218,8.5,9.5,82.0,,2020-10-26 07:46:34.619431+00:00,2020-10-26 07:46:34.619474+00:00
276,34,324298,1.0,1.0,100.0,,2020-10-26 07:47:14.922794+00:00,2020-10-26 07:47:14.922843+00:00
278,34,394804,1.0,1.5,95.0,,2020-10-26 07:50:23.599636+00:00,2020-10-26 07:50:23.599662+00:00
293,35,104031,7.0,6.0,86.0,,2020-10-30 07:13:38.835226+00:00,2020-10-30 07:13:38.835259+00:00
294,35,104166,5.0,6.5,79.0,,2020-10-30 07:14:15.590126+00:00,2020-10-30 07:14:15.590171+00:00
295,35,114074,8.5,7.0,79.0,,2020-10-30 07:14:40.463749+00:00,2020-10-30 07:14:40.463782+00:00
296,35,234111,1.0,2.0,100.0,,2020-10-30 07:15:06.568641+00:00,2020-10-30 07:15:06.568677+00:00
297,35,104032,7.0,6.0,85.0,,2020-10-30 07:15:39.008353+00:00,2020-10-30 07:15:39.008401+00:00
298,35,114076,8.0,6.0,83.0,,2020-10-30 07:16:02.397223+00:00,2020-10-30 07:16:02.397261+00:00
299,35,234124,2.5,8.5,95.0,,2020-10-30 07:16:28.476127+00:00,2020-10-30 07:16:28.476169+00:00
300,35,234129,3.0,2.0,89.0,,2020-10-30 07:16:49.845351+00:00,2020-10-30 07:16:49.845423+00:00
301,35,234141,7.0,5.0,80.0,,2020-10-30 07:17:14.107037+00:00,2020-10-30 07:17:14.107083+00:00
302,35,44252,3.0,3.5,100.0,,2020-10-30 07:17:36.569976+00:00,2020-10-30 07:17:36.570015+00:00
303,35,94412,10.0,6.0,75.0,,2020-10-30 07:17:57.942026+00:00,2020-10-30 07:17:57.942061+00:00
304,35,234218,2.5,9.0,98.0,,2020-10-30 07:18:19.683544+00:00,2020-10-30 07:18:19.683579+00:00
305,35,234292,4.0,2.0,100.0,,2020-10-30 07:18:42.773974+00:00,2020-10-30 07:18:42.774014+00:00
306,35,104033,4.0,4.0,78.0,,2020-10-30 07:19:03.900787+00:00,2020-10-30 07:19:03.900808+00:00
307,35,234118,6.0,7.0,91.0,,2020-10-30 07:19:24.366609+00:00,2020-10-30 07:19:24.366633+00:00
308,35,234123,7.0,7.5,90.0,,2020-10-30 07:19:46.944730+00:00,2020-10-30 07:19:46.944750+00:00
309,35,234125,4.0,3.0,97.0,,2020-10-30 07:20:05.413987+00:00,2020-10-30 07:20:05.414007+00:00
311,36,234124,9.0,9.0,84.0,,2020-11-10 09:54:44.110247+00:00,2020-11-10 09:54:44.110278+00:00
312,36,234292,7.0,5.0,90.0,,2020-11-10 10:03:59.537574+00:00,2020-11-10 10:03:59.537613+00:00
313,37,236342,5.0,5.0,,,2020-11-10 11:03:26.164730+00:00,2020-11-10 11:03:26.164761+00:00
314,37,236345,8.5,8.5,,,2020-11-10 11:03:44.060394+00:00,2020-11-10 11:03:44.060415+00:00
315,37,236343,7.5,6.0,,,2020-11-10 11:04:08.826371+00:00,2020-11-10 11:04:08.826420+00:00
317,37,234118,6.0,8.0,,,2020-11-10 11:05:33.010692+00:00,2020-11-10 11:05:33.010740+00:00
318,37,234114,3.5,6.0,,,2020-11-10 11:05:45.637761+00:00,2020-11-10 11:05:45.637794+00:00
319,37,236304,10.0,8.5,,,2020-11-10 11:06:29.385545+00:00,2020-11-10 11:06:29.385592+00:00
320,37,236624,5.5,4.0,,,2020-11-10 11:07:09.157651+00:00,2020-11-10 11:07:09.157682+00:00
321,37,234311,2.5,4.0,,,2020-11-10 11:07:34.111677+00:00,2020-11-10 11:07:34.111719+00:00
322,37,234312,2.5,4.5,,,2020-11-10 11:07:46.298694+00:00,2020-11-10 11:07:46.298738+00:00
323,37,236360,7.0,9.0,,,2020-11-10 11:08:29.636609+00:00,2020-11-10 11:08:29.636637+00:00
324,37,236356,6.0,1.5,,,2020-11-10 11:08:54.681488+00:00,2020-11-10 11:08:54.681535+00:00
325,37,236001,2.0,3.0,,,2020-11-10 11:09:12.214966+00:00,2020-11-10 11:09:12.215014+00:00
326,37,236834,5.0,5.0,,,2020-11-10 11:09:33.892837+00:00,2020-11-10 11:09:33.892887+00:00
327,37,236518,9.5,9.5,,,2020-11-10 11:09:59.286787+00:00,2020-11-10 11:09:59.286821+00:00
328,37,236323,3.5,6.0,,,2020-11-10 11:10:17.468285+00:00,2020-11-10 11:10:17.468312+00:00
329,37,234125,2.0,1.0,,,2020-11-10 11:10:38.515298+00:00,2020-11-10 11:10:38.515318+00:00
330,37,46003,3.0,6.5,,,2020-11-10 11:11:12.328971+00:00,2020-11-10 11:11:12.329002+00:00
331,37,324432,1.0,1.0,,,2020-11-10 11:11:28.219003+00:00,2020-11-10 11:11:28.219053+00:00
332,37,236501,6.0,7.0,,,2020-11-10 11:11:44.054592+00:00,2020-11-10 11:11:44.054617+00:00
333,37,236370,4.0,7.0,,,2020-11-10 11:12:01.173876+00:00,2020-11-10 11:12:01.173901+00:00
334,37,236350,7.0,3.0,,,2020-11-10 11:12:22.101678+00:00,2020-11-10 11:12:22.101720+00:00
335,37,236309,10.0,9.0,,,2020-11-10 11:12:49.073185+00:00,2020-11-10 11:12:49.073230+00:00
336,37,114054,2.5,2.5,,,2020-11-10 11:13:08.393946+00:00,2020-11-10 11:13:08.393973+00:00
337,37,236703,6.0,7.5,,,2020-11-10 12:04:21.887589+00:00,2020-11-10 12:04:21.887620+00:00
338,37,236334,7.5,7.0,,,2020-11-10 12:04:45.475201+00:00,2020-11-10 12:04:45.475253+00:00
339,37,236322,4.0,5.0,,,2020-11-10 12:05:12.172808+00:00,2020-11-10 12:05:12.172838+00:00
340,37,236267,5.0,3.0,,,2020-11-10 12:05:52.670283+00:00,2020-11-10 12:05:52.670684+00:00
341,37,234247,8.0,5.5,,,2020-11-10 12:06:09.286566+00:00,2020-11-10 12:06:09.286608+00:00
342,37,234123,7.0,8.5,,,2020-11-10 12:06:23.175584+00:00,2020-11-10 12:06:23.175627+00:00
343,37,236319,5.5,7.0,,,2020-11-10 12:06:41.106581+00:00,2020-11-10 12:06:41.106620+00:00
344,37,234292,5.5,5.0,,,2020-11-10 12:07:04.897974+00:00,2020-11-10 12:07:04.898021+00:00
316,37,234218,6.5,8.0,,,2020-11-10 11:04:43.513982+00:00,2020-11-10 12:07:22.920425+00:00
345,37,114052,4.0,4.0,,,2020-11-10 12:07:36.033368+00:00,2020-11-10 12:07:36.033394+00:00
346,37,94412,6.5,4.0,,,2020-11-10 12:07:49.200026+00:00,2020-11-10 12:07:49.200073+00:00
347,37,114071,6.0,5.5,,,2020-11-10 12:08:24.802604+00:00,2020-11-10 12:08:24.802648+00:00
348,37,104166,5.5,6.0,,,2020-11-10 12:08:35.855238+00:00,2020-11-10 12:08:35.855268+00:00
349,37,104031,5.5,5.5,,,2020-11-10 12:08:51.263921+00:00,2020-11-10 12:08:51.263963+00:00
350,37,324390,1.0,3.0,,,2020-11-10 12:09:14.558277+00:00,2020-11-10 12:09:14.558317+00:00
351,37,394582,2.5,4.0,,,2020-11-10 12:09:37.904702+00:00,2020-11-10 12:09:37.904751+00:00
352,37,324461,1.5,1.0,,,2020-11-10 12:09:59.455493+00:00,2020-11-10 12:09:59.455528+00:00
353,39,104031,2.5,3.0,99.0,,2020-11-10 13:42:25.274825+00:00,2020-11-10 13:42:25.274869+00:00
354,39,104166,4.0,3.0,98.0,,2020-11-10 13:42:56.643689+00:00,2020-11-10 13:42:56.643732+00:00
356,39,234114,3.5,4.5,100.0,,2020-11-10 13:44:15.758702+00:00,2020-11-10 13:44:15.758724+00:00
355,39,114071,6.0,4.0,96.0,,2020-11-10 13:43:24.709535+00:00,2020-11-10 13:44:22.477121+00:00
357,39,104032,5.0,4.0,98.0,,2020-11-10 13:45:24.798060+00:00,2020-11-10 13:45:24.798103+00:00
358,39,104134,5.0,3.0,100.0,,2020-11-10 13:45:43.463197+00:00,2020-11-10 13:45:43.463237+00:00
359,39,234118,8.0,9.0,86.0,,2020-11-10 13:46:09.576483+00:00,2020-11-10 13:46:09.576509+00:00
360,39,234124,6.0,7.5,100.0,,2020-11-10 13:46:30.034085+00:00,2020-11-10 13:46:30.034105+00:00
361,39,234141,6.5,6.0,100.0,,2020-11-10 13:46:48.076244+00:00,2020-11-10 13:46:48.076293+00:00
362,39,234292,3.5,4.5,100.0,,2020-11-10 13:47:19.757017+00:00,2020-11-10 13:47:19.757066+00:00
363,39,94412,6.0,6.0,100.0,,2020-11-10 13:48:20.677939+00:00,2020-11-10 13:48:20.677965+00:00
364,39,104174,6.0,3.0,100.0,,2020-11-10 13:48:35.725856+00:00,2020-11-10 13:48:35.725886+00:00
365,39,114052,4.0,2.0,100.0,,2020-11-10 13:48:50.170886+00:00,2020-11-10 13:48:50.170906+00:00
366,39,234218,7.0,7.5,100.0,,2020-11-10 13:49:08.977757+00:00,2020-11-10 13:49:08.977802+00:00
367,39,236319,6.0,6.5,100.0,,2020-11-10 13:49:32.602602+00:00,2020-11-10 13:49:32.602651+00:00
368,39,324983,2.0,1.0,97.0,,2020-11-10 13:49:54.260994+00:00,2020-11-10 13:49:54.261027+00:00
369,39,94591,2.5,3.5,100.0,,2020-11-10 13:50:17.066797+00:00,2020-11-10 13:50:17.066848+00:00
370,39,234123,9.0,8.0,92.0,,2020-11-10 13:50:33.393500+00:00,2020-11-10 13:50:33.393543+00:00
371,39,234247,7.5,4.0,96.0,,2020-11-10 13:50:49.975067+00:00,2020-11-10 13:50:49.975115+00:00
372,39,236267,6.0,4.0,100.0,,2020-11-10 13:51:05.324211+00:00,2020-11-10 13:51:12.910493+00:00
373,39,236363,6.0,6.5,98.0,,2020-11-10 13:51:38.077145+00:00,2020-11-10 13:51:38.077228+00:00
374,39,236703,7.0,8.0,97.0,,2020-11-10 13:51:59.581292+00:00,2020-11-10 13:51:59.581329+00:00
375,39,324292,1.0,1.5,100.0,,2020-11-10 13:52:13.628128+00:00,2020-11-10 13:52:13.628155+00:00
376,39,104131,1.5,1.5,100.0,,2020-11-10 13:53:31.035842+00:00,2020-11-10 13:53:31.035884+00:00
377,39,114054,2.5,2.5,94.0,,2020-11-10 13:53:47.033410+00:00,2020-11-10 13:53:47.033438+00:00
378,39,234311,7.0,8.0,92.0,,2020-11-10 13:54:09.033961+00:00,2020-11-10 13:54:09.033998+00:00
379,39,236322,8.0,6.0,91.0,,2020-11-10 13:54:22.948241+00:00,2020-11-10 13:54:22.948265+00:00
380,39,236342,4.0,3.5,95.0,,2020-11-10 13:54:42.192967+00:00,2020-11-10 13:54:42.192990+00:00
381,39,236343,6.0,5.0,99.0,,2020-11-10 13:54:59.274753+00:00,2020-11-10 13:55:08.134047+00:00
382,39,236370,6.5,8.0,95.0,,2020-11-10 13:55:27.130707+00:00,2020-11-10 13:55:27.130749+00:00
383,39,236374,3.0,3.5,99.0,,2020-11-10 13:55:44.299310+00:00,2020-11-10 13:55:44.299350+00:00
384,39,236496,9.0,9.5,99.0,,2020-11-10 13:56:21.905243+00:00,2020-11-10 13:56:21.905298+00:00
386,39,234125,5.5,5.0,87.0,,2020-11-10 13:57:06.312814+00:00,2020-11-10 13:57:06.312835+00:00
387,39,234312,7.5,8.5,93.0,,2020-11-10 13:57:23.926265+00:00,2020-11-10 13:57:23.926318+00:00
385,39,324524,1.0,1.0,100.0,,2020-11-10 13:56:41.019279+00:00,2020-11-10 13:56:41.019319+00:00
388,39,236346,3.5,10.0,96.0,,2020-11-10 13:57:50.989645+00:00,2020-11-10 13:57:50.989734+00:00
389,39,236522,8.5,4.0,92.0,,2020-11-10 13:58:12.874813+00:00,2020-11-10 13:58:12.874840+00:00
390,39,236624,6.0,5.0,100.0,,2020-11-10 13:58:30.298567+00:00,2020-11-10 13:58:30.298594+00:00
391,40,234129,1.0,1.5,83.0,,2020-11-10 14:48:16.059874+00:00,2020-11-10 14:48:16.059905+00:00
392,40,234124,6.0,6.0,94.0,,2020-11-10 14:49:10.763828+00:00,2020-11-10 14:49:10.763850+00:00
393,40,134058,1.5,2.0,92.0,,2020-11-10 14:49:43.134074+00:00,2020-11-10 14:49:43.134119+00:00
394,40,234141,5.0,3.0,98.0,,2020-11-10 14:50:40.042149+00:00,2020-11-10 14:50:40.042197+00:00
395,40,104134,4.0,2.0,74.0,,2020-11-10 14:51:16.938376+00:00,2020-11-10 14:51:16.938417+00:00
396,40,44252,4.5,5.5,90.0,,2020-11-10 14:51:57.523745+00:00,2020-11-10 14:51:57.523796+00:00
397,40,94412,8.0,6.0,88.0,,2020-11-10 14:52:22.540552+00:00,2020-11-10 14:52:22.540589+00:00
398,40,234292,6.5,4.0,80.0,,2020-11-10 14:52:52.590818+00:00,2020-11-10 14:52:52.590845+00:00
399,40,234218,8.5,8.5,87.0,,2020-11-10 14:53:19.768587+00:00,2020-11-10 14:53:19.768623+00:00
400,40,234125,8.0,4.0,85.0,,2020-11-10 14:53:52.683543+00:00,2020-11-10 14:53:52.683591+00:00
401,40,114052,6.5,4.0,90.0,,2020-11-10 14:54:31.868112+00:00,2020-11-10 14:54:31.868161+00:00
402,38,115204,8.0,7.0,99.0,,2020-11-10 15:24:06.962669+00:00,2020-11-10 15:24:06.962689+00:00
403,38,116031,7.0,7.0,100.0,,2020-11-10 15:24:27.332343+00:00,2020-11-10 15:24:27.332367+00:00
404,38,46200,6.5,5.0,95.0,,2020-11-10 15:25:40.688698+00:00,2020-11-10 15:25:40.688738+00:00
405,38,44339,6.0,3.0,93.0,,2020-11-10 15:26:07.358939+00:00,2020-11-10 15:26:07.358988+00:00
406,38,46195,8.5,4.5,92.0,,2020-11-10 15:26:33.145064+00:00,2020-11-10 15:26:33.145091+00:00
407,38,116217,7.5,5.0,93.0,,2020-11-10 15:27:03.415426+00:00,2020-11-10 15:27:03.415471+00:00
408,38,44202,6.5,7.5,95.0,,2020-11-10 15:27:37.812955+00:00,2020-11-10 15:27:37.812976+00:00
409,38,44198,6.5,3.0,95.0,,2020-11-10 15:28:02.547072+00:00,2020-11-10 15:28:02.547106+00:00
410,38,44137,9.5,8.0,91.0,,2020-11-10 15:28:25.904394+00:00,2020-11-10 15:28:25.904420+00:00
411,38,44148,4.5,3.0,95.0,,2020-11-10 15:28:48.706368+00:00,2020-11-10 15:28:48.706394+00:00
412,38,115203,4.5,4.5,88.0,,2020-11-10 15:29:12.967919+00:00,2020-11-10 15:29:12.967941+00:00
413,38,114036,7.0,4.5,92.0,,2020-11-10 15:29:42.643619+00:00,2020-11-10 15:29:42.643640+00:00
414,38,44140,4.5,1.0,91.0,,2020-11-10 15:30:01.221386+00:00,2020-11-10 15:30:01.221419+00:00
415,38,44131,8.5,3.5,92.0,,2020-11-10 15:30:20.019691+00:00,2020-11-10 15:30:20.019735+00:00
416,38,44127,8.5,4.0,84.0,,2020-11-10 15:30:38.515663+00:00,2020-11-10 15:30:38.515704+00:00
417,38,114101,10.0,7.0,85.0,,2020-11-10 15:31:08.933444+00:00,2020-11-10 15:31:08.933467+00:00
418,38,104223,8.0,5.0,99.0,,2020-11-10 15:31:27.605403+00:00,2020-11-10 15:31:27.605451+00:00
419,38,104221,8.5,5.0,88.0,,2020-11-10 15:31:46.946355+00:00,2020-11-10 15:31:46.946401+00:00
420,38,104034,5.0,1.0,90.0,,2020-11-10 15:32:05.218417+00:00,2020-11-10 15:32:05.218457+00:00
421,38,44268,5.5,4.5,87.0,,2020-11-10 15:32:23.754740+00:00,2020-11-10 15:32:23.754792+00:00
422,38,44105,3.5,6.0,100.0,,2020-11-10 15:32:40.832448+00:00,2020-11-10 15:32:40.832480+00:00
423,38,114076,9.0,8.0,92.0,,2020-11-10 15:32:58.673080+00:00,2020-11-10 15:32:58.673175+00:00
424,38,104035,9.5,8.0,72.0,,2020-11-10 15:33:14.760102+00:00,2020-11-10 15:33:14.760124+00:00
425,38,104013,8.5,7.0,100.0,,2020-11-10 15:33:27.826903+00:00,2020-11-10 15:33:27.826952+00:00
426,38,44252,6.5,6.5,96.0,,2020-11-10 15:33:45.161024+00:00,2020-11-10 15:33:45.161068+00:00
427,38,234117,2.0,1.5,100.0,,2020-11-10 15:34:01.768744+00:00,2020-11-10 15:34:01.768766+00:00
428,38,114074,10.0,10.0,94.0,,2020-11-10 15:34:17.054399+00:00,2020-11-10 15:34:17.054467+00:00
429,38,104031,6.5,1.5,97.0,,2020-11-10 15:34:36.675835+00:00,2020-11-10 15:34:36.675875+00:00
430,38,104016,4.5,3.0,91.0,,2020-11-10 15:35:01.925344+00:00,2020-11-10 15:35:01.925381+00:00
431,41,104031,7.5,7.0,,,2020-11-10 16:14:31.207244+00:00,2020-11-10 16:14:46.314595+00:00
432,41,104032,7.5,7.5,,,2020-11-10 16:15:16.053117+00:00,2020-11-10 16:15:16.053155+00:00
433,41,104166,8.0,7.5,,,2020-11-10 16:15:44.078526+00:00,2020-11-10 16:15:44.078554+00:00
434,41,234114,5.0,3.0,,,2020-11-10 16:16:14.480749+00:00,2020-11-10 16:16:14.480799+00:00
435,41,234129,5.0,2.0,,,2020-11-10 16:16:42.719752+00:00,2020-11-10 16:16:42.719786+00:00
436,41,234141,6.5,3.5,,,2020-11-10 16:17:18.958201+00:00,2020-11-10 16:17:18.958304+00:00
437,41,234124,6.0,9.0,,,2020-11-10 16:17:47.411535+00:00,2020-11-10 16:17:47.411575+00:00
438,41,234125,8.0,5.0,,,2020-11-10 16:18:05.982352+00:00,2020-11-10 16:18:05.982391+00:00
439,41,324965,1.5,1.0,,,2020-11-10 16:21:00.138662+00:00,2020-11-10 16:21:00.138681+00:00
440,42,94412,9.5,5.5,65.0,,2021-01-04 10:28:55.388333+00:00,2021-01-04 10:28:55.388385+00:00
441,42,44252,3.5,4.0,96.0,,2021-01-04 10:30:28.691240+00:00,2021-01-04 10:30:28.691293+00:00
442,42,234218,8.0,7.5,94.0,,2021-01-04 10:31:16.200161+00:00,2021-01-04 10:31:16.200214+00:00
443,42,234292,7.0,6.5,,,2021-01-04 10:31:59.551903+00:00,2021-01-04 10:31:59.551954+00:00
444,42,104134,6.0,4.5,,,2021-01-04 10:32:43.092056+00:00,2021-01-04 10:32:43.092102+00:00
445,42,234118,4.5,7.5,90.0,,2021-01-04 10:33:34.881021+00:00,2021-01-04 10:33:34.881065+00:00
446,42,234123,7.5,8.5,82.0,,2021-01-04 10:34:20.360373+00:00,2021-01-04 10:34:20.360423+00:00
447,42,234247,8.0,6.5,85.0,,2021-01-04 10:34:48.354133+00:00,2021-01-04 10:34:48.354184+00:00
448,42,134058,6.0,1.5,,,2021-01-04 10:35:38.946983+00:00,2021-01-04 10:35:38.947033+00:00
449,48,104016,4.5,7.5,91.0,,2021-01-04 10:41:16.967702+00:00,2021-01-04 10:41:16.967748+00:00
450,45,104031,7.0,6.5,100.0,,2021-01-04 10:51:08.604634+00:00,2021-01-04 10:51:08.604678+00:00
451,45,114101,10.0,10.0,77.0,,2021-01-04 10:51:31.861277+00:00,2021-01-04 10:51:31.861321+00:00
452,45,44131,6.0,6.5,98.0,,2021-01-04 10:51:55.994501+00:00,2021-01-04 10:51:55.994553+00:00
453,45,115203,7.5,8.5,87.0,,2021-01-04 10:52:19.958969+00:00,2021-01-04 10:52:19.959019+00:00
454,44,44252,7.5,6.0,73.0,,2021-01-04 11:11:10.114509+00:00,2021-01-04 11:11:10.114560+00:00
455,44,104031,7.0,5.5,87.0,,2021-01-04 11:11:34.492094+00:00,2021-01-04 11:11:34.492147+00:00
456,44,104016,9.0,3.5,81.0,,2021-01-04 11:12:00.784462+00:00,2021-01-04 11:12:00.784517+00:00
457,44,234117,3.5,6.0,85.0,,2021-01-04 11:12:35.005128+00:00,2021-01-04 11:12:35.005176+00:00
458,44,44105,6.5,5.0,95.0,,2021-01-04 11:13:24.026618+00:00,2021-01-04 11:13:24.026664+00:00
459,44,236376,9.0,10.0,,,2021-01-04 11:13:40.519482+00:00,2021-01-04 11:13:40.519536+00:00
460,53,104016,4.0,4.0,,,2021-01-04 11:18:47.085094+00:00,2021-01-04 11:18:47.085151+00:00
461,53,104031,7.0,6.0,90.0,,2021-01-04 11:19:34.697347+00:00,2021-01-04 11:19:34.697395+00:00
462,54,234114,4.0,3.5,93.0,,2021-01-04 11:19:42.357585+00:00,2021-01-04 11:19:42.357634+00:00
463,54,234129,3.5,2.5,89.0,,2021-01-04 11:20:15.132117+00:00,2021-01-04 11:20:15.132172+00:00
464,54,104032,8.5,9.5,84.0,,2021-01-04 11:20:37.140666+00:00,2021-01-04 11:20:37.140708+00:00
465,54,104031,7.0,8.0,70.0,,2021-01-04 11:20:50.907812+00:00,2021-01-04 11:20:50.907855+00:00
466,53,114074,8.0,6.0,,,2021-01-04 11:21:03.860172+00:00,2021-01-04 11:21:03.860222+00:00
467,54,234141,7.0,3.5,56.0,,2021-01-04 11:21:08.114773+00:00,2021-01-04 11:21:08.114824+00:00
468,54,234125,6.5,7.0,83.0,,2021-01-04 11:21:20.210371+00:00,2021-01-04 11:21:20.210415+00:00
469,53,125001,3.0,5.0,,,2021-01-04 11:21:30.120393+00:00,2021-01-04 11:21:30.120446+00:00
470,54,114071,5.0,9.0,78.0,,2021-01-04 11:21:30.394675+00:00,2021-01-04 11:21:30.394733+00:00
471,54,234122,6.5,9.0,79.0,,2021-01-04 11:21:48.641081+00:00,2021-01-04 11:21:48.641130+00:00
472,53,134058,2.0,1.0,,,2021-01-04 11:21:52.350387+00:00,2021-01-04 11:21:52.350438+00:00
473,53,334021,1.0,1.0,,,2021-01-04 11:22:06.872828+00:00,2021-01-04 11:22:06.872876+00:00
474,53,104013,5.0,5.0,,,2021-01-04 11:22:32.132767+00:00,2021-01-04 11:22:32.132815+00:00
475,52,94412,9.5,7.0,,,2021-01-04 11:24:33.831949+00:00,2021-01-04 11:24:33.831994+00:00
476,53,104035,7.5,6.0,,,2021-01-04 11:24:50.043349+00:00,2021-01-04 11:24:50.043394+00:00
477,53,114032,3.0,8.5,,,2021-01-04 11:25:15.541349+00:00,2021-01-04 11:25:15.541396+00:00
478,52,104031,6.0,5.5,,,2021-01-04 11:25:19.468487+00:00,2021-01-04 11:25:19.468541+00:00
479,53,114076,8.5,4.5,,,2021-01-04 11:25:40.305086+00:00,2021-01-04 11:25:40.305136+00:00
482,53,44105,6.5,4.5,,,2021-01-04 11:26:38.980543+00:00,2021-01-04 11:26:38.980596+00:00
484,53,104223,7.0,8.0,,,2021-01-04 11:27:23.416150+00:00,2021-01-04 11:27:23.416197+00:00
485,53,114086,7.0,5.0,,,2021-01-04 11:27:57.984284+00:00,2021-01-04 11:27:57.984327+00:00
491,53,104034,8.0,2.5,,,2021-01-04 11:29:23.051699+00:00,2021-01-04 11:29:23.051747+00:00
493,55,274109,1.0,1.0,,,2021-01-04 11:30:05.399092+00:00,2021-01-04 11:30:05.399172+00:00
487,55,324397,1.5,1.0,,,2021-01-04 11:28:38.770355+00:00,2021-01-04 11:30:17.330960+00:00
496,53,334221,2.5,1.5,,,2021-01-04 11:30:29.509372+00:00,2021-01-04 11:30:29.509421+00:00
498,55,274138,6.5,6.0,,,2021-01-04 11:30:52.286668+00:00,2021-01-04 11:30:52.286717+00:00
500,55,124120,7.0,6.5,,,2021-01-04 11:31:17.627604+00:00,2021-01-04 11:31:17.627686+00:00
501,53,335009,6.0,2.5,,,2021-01-04 11:31:28.518970+00:00,2021-01-04 11:31:28.519011+00:00
502,53,336537,5.0,2.0,,,2021-01-04 11:31:43.092042+00:00,2021-01-04 11:31:43.092092+00:00
480,53,124801,2.0,1.5,,,2021-01-04 11:26:02.282258+00:00,2021-01-04 11:26:02.282301+00:00
481,53,234112,3.5,3.5,,,2021-01-04 11:26:19.498286+00:00,2021-01-04 11:26:19.498333+00:00
483,53,104221,5.0,2.0,,,2021-01-04 11:27:00.773009+00:00,2021-01-04 11:27:00.773060+00:00
486,53,114101,7.5,4.0,,,2021-01-04 11:28:14.441646+00:00,2021-01-04 11:28:14.441686+00:00
488,53,134019,6.0,3.5,,,2021-01-04 11:28:39.044511+00:00,2021-01-04 11:28:39.044564+00:00
489,53,274001,3.5,1.0,,,2021-01-04 11:29:01.507427+00:00,2021-01-04 11:29:01.507555+00:00
490,55,277210,5.5,4.0,,,2021-01-04 11:29:08.752592+00:00,2021-01-04 11:29:08.752645+00:00
492,55,114248,7.0,6.0,,,2021-01-04 11:29:44.197919+00:00,2021-01-04 11:29:44.197963+00:00
494,53,115203,6.0,6.0,,,2021-01-04 11:30:08.697318+00:00,2021-01-04 11:30:08.697371+00:00
495,55,275315,1.0,1.0,,,2021-01-04 11:30:28.247878+00:00,2021-01-04 11:30:28.247926+00:00
497,53,334222,4.0,2.5,,,2021-01-04 11:30:52.208338+00:00,2021-01-04 11:30:52.208386+00:00
499,53,334331,1.0,1.0,,,2021-01-04 11:31:06.515253+00:00,2021-01-04 11:31:06.515318+00:00
503,55,274142,1.0,1.0,,,2021-01-04 11:31:55.505321+00:00,2021-01-04 11:31:55.505374+00:00
504,53,114034,4.0,9.5,,,2021-01-04 11:31:57.210738+00:00,2021-01-04 11:31:57.210845+00:00
505,53,115204,7.0,5.0,,,2021-01-04 11:32:19.816124+00:00,2021-01-04 11:32:19.816173+00:00
506,53,276011,4.0,1.5,,,2021-01-04 11:33:03.120964+00:00,2021-01-04 11:33:03.121014+00:00
507,53,334022,6.5,3.5,,,2021-01-04 11:33:20.365900+00:00,2021-01-04 11:33:20.365947+00:00
508,53,337403,5.0,1.5,,,2021-01-04 11:33:34.851385+00:00,2021-01-04 11:33:34.851436+00:00
509,53,44202,8.0,6.0,,,2021-01-04 11:33:51.326781+00:00,2021-01-04 11:33:51.326825+00:00
510,53,114010,1.0,1.0,,,2021-01-04 11:34:03.070317+00:00,2021-01-04 11:34:03.070359+00:00
511,53,114246,9.0,8.5,,,2021-01-04 11:34:20.571996+00:00,2021-01-04 11:34:20.572048+00:00
512,53,335001,4.0,7.5,,,2021-01-04 11:34:44.126125+00:00,2021-01-04 11:34:44.126175+00:00
513,53,335010,3.5,7.0,,,2021-01-04 11:35:02.879350+00:00,2021-01-04 11:35:02.879401+00:00
514,53,336544,5.0,1.5,,,2021-01-04 11:35:15.461942+00:00,2021-01-04 11:35:15.461992+00:00
515,53,336545,3.5,1.5,,,2021-01-04 11:35:29.336343+00:00,2021-01-04 11:35:29.336392+00:00
516,53,335002,4.0,9.0,,,2021-01-04 11:35:51.409324+00:00,2021-01-04 11:35:51.409378+00:00
517,53,44198,8.0,3.5,,,2021-01-04 11:37:26.830563+00:00,2021-01-04 11:37:26.830612+00:00
518,53,44268,7.0,4.0,,,2021-01-04 11:37:47.789721+00:00,2021-01-04 11:37:47.789767+00:00
519,53,336502,5.0,1.5,,,2021-01-04 11:38:07.425660+00:00,2021-01-04 11:38:07.425708+00:00
520,53,336533,6.5,5.0,,,2021-01-04 11:38:17.256091+00:00,2021-01-04 11:38:17.256139+00:00
521,53,44127,8.0,4.0,,,2021-01-04 11:38:34.023231+00:00,2021-01-04 11:38:34.023281+00:00
522,53,44252,5.0,5.0,,,2021-01-04 11:38:52.736086+00:00,2021-01-04 11:38:52.736131+00:00
523,53,46002,9.0,5.0,,,2021-01-04 11:39:21.164107+00:00,2021-01-04 11:39:21.164163+00:00
524,53,114035,6.0,8.0,,,2021-01-04 11:39:44.080031+00:00,2021-01-04 11:39:44.080083+00:00
525,53,114036,9.0,3.0,,,2021-01-04 11:40:01.311976+00:00,2021-01-04 11:40:01.312027+00:00
526,53,44160,5.0,10.0,,,2021-01-04 11:40:12.647779+00:00,2021-01-04 11:40:12.647824+00:00
527,53,44165,3.0,5.0,,,2021-01-04 11:40:23.808441+00:00,2021-01-04 11:40:23.808490+00:00
528,53,46200,6.5,4.5,,,2021-01-04 11:40:42.952102+00:00,2021-01-04 11:40:42.952155+00:00
529,53,134113,9.0,3.5,,,2021-01-04 11:40:56.169860+00:00,2021-01-04 11:40:56.169908+00:00
530,53,336546,7.0,7.0,,,2021-01-04 11:41:08.805178+00:00,2021-01-04 11:41:08.805224+00:00
531,53,44101,5.0,5.0,,,2021-01-04 11:41:20.338189+00:00,2021-01-04 11:41:20.338243+00:00
532,53,94423,4.5,6.5,,,2021-01-04 11:41:37.391846+00:00,2021-01-04 11:41:37.391890+00:00
533,53,116004,7.0,4.0,,,2021-01-04 11:41:48.748007+00:00,2021-01-04 11:41:48.748057+00:00
534,53,336208,7.5,8.5,,,2021-01-04 11:42:01.975141+00:00,2021-01-04 11:42:01.975225+00:00
535,57,234125,6.0,5.0,79.0,,2021-01-04 12:00:53.427300+00:00,2021-01-04 12:00:53.427348+00:00
536,56,104195,6.0,5.0,89.0,,2021-01-04 12:01:11.001587+00:00,2021-01-04 12:01:11.001641+00:00
537,56,104166,5.5,6.0,92.0,,2021-01-04 12:01:34.301555+00:00,2021-01-04 12:01:34.301594+00:00
538,57,234141,8.0,4.0,,,2021-01-04 12:01:40.871006+00:00,2021-01-04 12:01:40.871054+00:00
539,57,44252,5.0,7.0,84.0,,2021-01-04 12:02:17.052671+00:00,2021-01-04 12:02:17.052717+00:00
541,57,94412,6.0,6.0,82.0,,2021-01-04 12:02:44.697308+00:00,2021-01-04 12:02:44.697394+00:00
543,56,234123,9.0,8.5,89.0,,2021-01-04 12:03:05.992711+00:00,2021-01-04 12:03:05.992761+00:00
544,57,234218,6.5,8.0,,,2021-01-04 12:03:10.480074+00:00,2021-01-04 12:03:10.480121+00:00
545,56,104173,6.0,4.5,98.0,,2021-01-04 12:04:04.318397+00:00,2021-01-04 12:04:04.318441+00:00
546,57,104135,5.0,2.0,81.0,,2021-01-04 12:04:22.168116+00:00,2021-01-04 12:04:22.168168+00:00
547,56,104290,4.5,3.0,99.0,,2021-01-04 12:04:37.244010+00:00,2021-01-04 12:04:37.244060+00:00
548,57,234292,6.5,2.0,76.0,,2021-01-04 12:04:48.397793+00:00,2021-01-04 12:04:48.397842+00:00
549,56,104001,1.0,1.0,100.0,,2021-01-04 12:04:56.745262+00:00,2021-01-04 12:04:56.745314+00:00
550,57,234124,6.0,8.0,77.0,,2021-01-04 12:05:26.183946+00:00,2021-01-04 12:05:26.183997+00:00
551,56,114074,9.5,9.5,86.0,,2021-01-04 12:05:33.539994+00:00,2021-01-04 12:05:33.540051+00:00
552,56,134058,3.0,4.0,86.0,,2021-01-04 12:06:07.684588+00:00,2021-01-04 12:06:07.684638+00:00
542,56,104281,7.0,6.0,94.0,,2021-01-04 12:02:44.787605+00:00,2021-01-04 12:06:18.963860+00:00
553,56,104172,6.0,4.5,96.0,,2021-01-04 12:06:42.856103+00:00,2021-01-04 12:06:42.856152+00:00
554,56,104286,5.0,6.0,100.0,,2021-01-04 12:07:07.486229+00:00,2021-01-04 12:07:07.486277+00:00
555,56,114076,9.5,9.0,74.0,,2021-01-04 12:07:33.290529+00:00,2021-01-04 12:07:33.290579+00:00
556,56,234118,6.5,6.5,84.0,,2021-01-04 12:07:55.475040+00:00,2021-01-04 12:07:55.475092+00:00
557,56,234124,4.0,4.5,97.0,,2021-01-04 12:08:25.437032+00:00,2021-01-04 12:08:25.437079+00:00
558,56,124400,4.0,3.0,100.0,,2021-01-04 12:08:47.661728+00:00,2021-01-04 12:08:47.661775+00:00
559,56,124415,6.0,6.0,98.0,,2021-01-04 12:09:08.728245+00:00,2021-01-04 12:09:08.728297+00:00
560,56,104285,6.0,4.5,100.0,,2021-01-04 12:09:34.731568+00:00,2021-01-04 12:09:34.731615+00:00
561,56,104142,9.0,5.5,97.0,,2021-01-04 12:10:21.972196+00:00,2021-01-04 12:10:21.972250+00:00
562,56,104276,6.5,4.0,94.0,,2021-01-04 12:10:43.192125+00:00,2021-01-04 12:10:43.192170+00:00
563,56,106156,4.5,5.0,91.0,,2021-01-04 12:10:58.408106+00:00,2021-01-04 12:10:58.408154+00:00
565,56,104295,5.5,5.5,100.0,,2021-01-04 12:11:37.964183+00:00,2021-01-04 12:11:37.964235+00:00
566,58,94412,7.0,7.0,,,2021-01-04 12:11:38.846196+00:00,2021-01-04 12:11:45.440860+00:00
567,56,234218,7.5,6.0,87.0,,2021-01-04 12:11:59.666215+00:00,2021-01-04 12:11:59.666261+00:00
568,58,234124,7.0,8.0,,,2021-01-04 12:12:11.136164+00:00,2021-01-04 12:12:11.136213+00:00
569,56,236377,4.5,5.0,92.0,,2021-01-04 12:12:18.813910+00:00,2021-01-04 12:12:18.814053+00:00
570,56,234125,3.5,3.5,97.0,,2021-01-04 12:12:34.000660+00:00,2021-01-04 12:12:34.000707+00:00
571,58,104032,8.0,6.0,,,2021-01-04 12:13:05.956576+00:00,2021-01-04 12:13:05.956642+00:00
572,58,104031,7.5,7.0,,,2021-01-04 12:13:32.503129+00:00,2021-01-04 12:13:32.503777+00:00
573,56,234247,7.5,4.0,89.0,,2021-01-04 12:13:42.516280+00:00,2021-01-04 12:13:42.516334+00:00
574,58,104166,7.0,7.5,,,2021-01-04 12:13:49.270051+00:00,2021-01-04 12:13:49.270095+00:00
575,56,236501,5.5,6.5,89.0,,2021-01-04 12:13:57.505665+00:00,2021-01-04 12:13:57.505858+00:00
576,56,104222,5.5,6.5,95.0,,2021-01-04 12:14:19.932181+00:00,2021-01-04 12:14:19.932229+00:00
577,58,44252,7.5,7.0,,,2021-01-04 12:14:21.169286+00:00,2021-01-04 12:14:21.169334+00:00
578,56,104165,8.0,5.5,93.0,,2021-01-04 12:14:40.055700+00:00,2021-01-04 12:14:40.055751+00:00
579,56,104122,4.0,3.5,93.0,,2021-01-04 12:14:58.708613+00:00,2021-01-04 12:14:58.708668+00:00
580,58,234292,5.0,6.0,,,2021-01-04 12:15:10.474918+00:00,2021-01-04 12:15:19.932580+00:00
581,56,104144,7.5,5.5,100.0,,2021-01-04 12:15:24.489912+00:00,2021-01-04 12:15:24.490028+00:00
564,58,234114,6.5,7.0,,,2021-01-04 12:11:23.464989+00:00,2021-01-04 12:15:32.091255+00:00
582,56,106306,4.5,4.0,99.0,,2021-01-04 12:15:40.928236+00:00,2021-01-04 12:15:40.928281+00:00
583,56,106378,6.5,4.5,95.0,,2021-01-04 12:15:53.488130+00:00,2021-01-04 12:15:53.488181+00:00
584,56,106397,6.0,3.5,100.0,,2021-01-04 12:16:21.235473+00:00,2021-01-04 12:16:21.235520+00:00
585,56,44252,3.5,3.0,95.0,,2021-01-04 12:16:40.679891+00:00,2021-01-04 12:16:40.679943+00:00
586,56,236360,7.0,6.0,92.0,,2021-01-04 12:17:00.056162+00:00,2021-01-04 12:17:00.056209+00:00
587,56,234901,6.5,9.0,95.0,,2021-01-04 12:17:16.521693+00:00,2021-01-04 12:17:16.521744+00:00
588,56,124120,6.5,5.5,96.0,,2021-01-04 12:17:47.833979+00:00,2021-01-04 12:17:47.834027+00:00
589,56,124711,7.0,5.5,100.0,,2021-01-04 12:18:10.826744+00:00,2021-01-04 12:18:10.826789+00:00
590,56,104279,3.5,3.0,96.0,,2021-01-04 12:18:43.190634+00:00,2021-01-04 12:18:43.190682+00:00
591,67,114071,6.5,4.5,80.0,,2021-01-04 14:53:57.281265+00:00,2021-01-04 14:53:57.281311+00:00
592,67,236506,8.0,7.0,77.0,,2021-01-04 14:54:39.659399+00:00,2021-01-04 14:54:39.659451+00:00
593,67,234901,6.0,9.0,94.0,,2021-01-04 14:55:16.810410+00:00,2021-01-04 14:55:16.810453+00:00
594,67,236501,5.0,7.0,92.0,,2021-01-04 14:55:57.188388+00:00,2021-01-04 14:55:57.188438+00:00
595,67,106306,9.5,7.0,96.0,,2021-01-04 14:56:34.916664+00:00,2021-01-04 14:56:34.916710+00:00
596,67,234247,9.5,7.0,82.0,,2021-01-04 14:57:32.886867+00:00,2021-01-04 14:57:32.886912+00:00
597,67,236343,9.0,8.0,88.0,,2021-01-04 14:58:05.461328+00:00,2021-01-04 14:58:05.461377+00:00
598,67,234123,8.0,9.5,78.0,,2021-01-04 14:58:52.026092+00:00,2021-01-04 14:58:52.026138+00:00
599,67,104166,7.5,9.0,99.0,,2021-01-04 14:59:28.739855+00:00,2021-01-04 14:59:28.739944+00:00
600,67,104195,9.0,9.0,95.0,,2021-01-04 15:00:02.904335+00:00,2021-01-04 15:00:02.904388+00:00
601,67,104281,8.5,8.5,90.0,,2021-01-04 15:00:25.285408+00:00,2021-01-04 15:00:25.285452+00:00
602,67,104142,10.0,8.0,90.0,,2021-01-04 15:01:06.957446+00:00,2021-01-04 15:01:06.957604+00:00
603,67,104279,4.0,5.0,96.0,,2021-01-04 15:02:08.903020+00:00,2021-01-04 15:02:08.903061+00:00
604,67,106156,5.0,7.5,,,2021-01-04 15:02:40.777627+00:00,2021-01-04 15:02:40.777678+00:00
605,68,236781,8.5,9.0,,,2021-01-04 15:07:28.300358+00:00,2021-01-04 15:07:28.300416+00:00
606,68,104134,3.0,2.0,100.0,,2021-01-04 15:08:07.040389+00:00,2021-01-04 15:08:07.040436+00:00
607,68,234123,7.0,6.5,94.0,,2021-01-04 15:10:38.422515+00:00,2021-01-04 15:10:38.434673+00:00
608,68,236363,4.0,4.5,97.0,,2021-01-04 15:11:05.594823+00:00,2021-01-04 15:11:05.594873+00:00
609,63,56391,3.0,3.0,96.0,,2021-01-04 15:30:14.464495+00:00,2021-01-04 15:30:14.464538+00:00
610,63,124417,6.5,6.0,93.0,,2021-01-04 15:30:48.166326+00:00,2021-01-04 15:30:48.166375+00:00
611,63,314311,4.5,6.0,93.0,,2021-01-04 15:31:16.871945+00:00,2021-01-04 15:31:16.872472+00:00
612,63,314312,5.5,4.0,85.0,,2021-01-04 15:31:43.467559+00:00,2021-01-04 15:31:43.467611+00:00
613,63,315008,6.5,4.5,94.0,,2021-01-04 15:32:52.814593+00:00,2021-01-04 15:32:52.814638+00:00
614,63,315030,7.5,4.5,93.0,,2021-01-04 15:33:27.724168+00:00,2021-01-04 15:33:27.724218+00:00
615,63,315039,8.0,4.5,84.0,,2021-01-04 15:33:49.768127+00:00,2021-01-04 15:33:49.768173+00:00
616,63,324992,5.5,1.5,92.0,,2021-01-04 15:34:16.518624+00:00,2021-01-04 15:34:16.518664+00:00
617,63,315052,9.0,6.0,99.0,,2021-01-04 15:34:40.696193+00:00,2021-01-04 15:34:40.696295+00:00
618,63,314006,6.5,9.5,92.0,,2021-01-04 15:35:00.834935+00:00,2021-01-04 15:35:00.834986+00:00
619,63,314003,6.5,6.5,95.0,,2021-01-04 15:35:31.784779+00:00,2021-01-04 15:35:31.784822+00:00
620,63,127427,8.0,6.5,98.0,,2021-01-04 15:36:00.267507+00:00,2021-01-04 15:36:00.267548+00:00
621,63,124416,8.5,9.0,88.0,,2021-01-04 15:36:25.618010+00:00,2021-01-04 15:36:25.618057+00:00
622,63,124305,3.5,6.0,96.0,,2021-01-04 15:36:50.058862+00:00,2021-01-04 15:36:50.058912+00:00
623,63,124214,1.5,6.0,96.0,,2021-01-04 15:37:10.277742+00:00,2021-01-04 15:37:10.277792+00:00
624,63,315057,6.5,5.5,96.0,,2021-01-04 15:38:05.802950+00:00,2021-01-04 15:38:05.802993+00:00
625,63,315051,9.0,6.0,95.0,,2021-01-04 15:39:28.054306+00:00,2021-01-04 15:39:28.054359+00:00
626,63,315003,9.0,8.0,78.0,,2021-01-04 15:39:54.448500+00:00,2021-01-04 15:39:54.448619+00:00
627,63,124911,1.5,5.5,97.0,,2021-01-04 15:40:19.807439+00:00,2021-01-04 15:40:19.807481+00:00
628,63,124711,7.5,4.5,93.0,,2021-01-04 15:40:50.128133+00:00,2021-01-04 15:40:50.128181+00:00
629,63,124414,6.5,2.0,100.0,,2021-01-04 15:41:09.574840+00:00,2021-01-04 15:41:09.574888+00:00
630,63,124413,8.0,6.0,89.0,,2021-01-04 15:41:35.866981+00:00,2021-01-04 15:41:35.867029+00:00
631,63,124355,2.0,9.0,96.0,,2021-01-04 15:41:53.338877+00:00,2021-01-04 15:41:53.338928+00:00
632,63,124213,2.0,1.5,99.0,,2021-01-04 15:42:24.447772+00:00,2021-01-04 15:42:24.447824+00:00
633,63,94591,4.5,2.5,90.0,,2021-01-04 15:42:49.944445+00:00,2021-01-04 15:42:49.944742+00:00
634,63,314009,5.5,7.0,95.0,,2021-01-04 15:43:13.684058+00:00,2021-01-04 15:43:13.684097+00:00
635,63,124708,8.0,8.5,92.0,,2021-01-04 15:43:38.239285+00:00,2021-01-04 15:43:38.239333+00:00
636,63,124400,6.0,4.5,100.0,,2021-01-04 15:44:02.130894+00:00,2021-01-04 15:44:02.130938+00:00
637,63,124212,5.5,6.0,93.0,,2021-01-04 15:44:27.022387+00:00,2021-01-04 15:44:27.022435+00:00
638,63,104228,9.5,6.0,89.0,,2021-01-04 15:45:08.427283+00:00,2021-01-04 15:45:08.427338+00:00
639,63,94481,3.0,5.5,94.0,,2021-01-04 15:45:34.735816+00:00,2021-01-04 15:45:34.735864+00:00
640,63,324246,5.5,6.5,96.0,,2021-01-04 15:45:55.844384+00:00,2021-01-04 15:45:55.844423+00:00
641,63,314011,5.0,5.5,93.0,,2021-01-04 15:46:29.635738+00:00,2021-01-04 15:46:29.635789+00:00
642,63,124220,9.5,2.0,92.0,,2021-01-04 15:46:48.136019+00:00,2021-01-04 15:46:48.136065+00:00
643,63,124118,4.0,5.0,96.0,,2021-01-04 15:47:17.396314+00:00,2021-01-04 15:47:17.396367+00:00
644,63,114081,3.0,6.5,95.0,,2021-01-04 15:47:39.759490+00:00,2021-01-04 15:47:39.759573+00:00
645,63,114052,7.5,7.5,93.0,,2021-01-04 15:48:06.965454+00:00,2021-01-04 15:48:06.965499+00:00
646,63,104131,6.0,6.0,73.0,,2021-01-04 15:48:26.374023+00:00,2021-01-04 15:48:26.374072+00:00
647,63,104022,7.0,8.0,83.0,,2021-01-04 15:48:55.508063+00:00,2021-01-04 15:48:55.508114+00:00
648,63,324445,1.5,1.5,100.0,,2021-01-04 15:49:22.913524+00:00,2021-01-04 15:49:22.913561+00:00
649,63,314100,1.0,1.0,,,2021-01-04 15:49:43.042607+00:00,2021-01-04 15:49:43.042659+00:00
650,63,234112,8.5,8.0,92.0,,2021-01-04 15:50:06.565334+00:00,2021-01-04 15:50:06.565378+00:00
651,63,124117,5.5,6.5,86.0,,2021-01-04 15:50:53.195733+00:00,2021-01-04 15:50:53.195784+00:00
652,63,114051,7.5,7.5,100.0,,2021-01-04 15:51:13.816248+00:00,2021-01-04 15:51:13.816302+00:00
653,63,104019,7.0,8.0,91.0,,2021-01-04 15:51:35.880230+00:00,2021-01-04 15:51:35.880278+00:00
654,63,104018,9.0,8.5,81.0,,2021-01-04 15:51:56.045207+00:00,2021-01-04 15:51:56.045311+00:00
655,70,236363,4.0,4.5,86.0,,2021-01-04 16:24:54.381613+00:00,2021-01-04 16:24:54.381647+00:00
656,70,236501,6.5,7.5,,,2021-01-04 16:25:27.101984+00:00,2021-01-04 16:25:27.102018+00:00
657,70,44252,4.0,3.5,84.0,,2021-01-04 16:26:05.682718+00:00,2021-01-04 16:26:05.682744+00:00
658,70,236319,5.0,7.0,,,2021-01-04 16:27:27.362010+00:00,2021-01-04 16:27:27.362049+00:00
659,70,114054,5.0,2.0,,,2021-01-04 16:29:04.695240+00:00,2021-01-04 16:29:04.695267+00:00
660,70,236267,4.5,3.5,,,2021-01-04 16:30:33.421442+00:00,2021-01-04 16:30:33.421468+00:00
661,70,94591,2.5,1.0,,,2021-01-04 16:32:29.595663+00:00,2021-01-04 16:32:29.595699+00:00
662,72,125001,6.0,4.0,100.0,,2021-01-04 18:03:54.164021+00:00,2021-01-04 18:03:54.164058+00:00
663,72,104032,7.0,5.5,100.0,,2021-01-04 18:04:32.027927+00:00,2021-01-04 18:04:32.027975+00:00
664,72,104031,8.0,6.5,87.0,,2021-01-04 18:05:05.835732+00:00,2021-01-04 18:05:05.835763+00:00
665,72,114051,4.5,5.5,100.0,,2021-01-04 18:05:52.026073+00:00,2021-01-04 18:05:52.026102+00:00
666,72,114052,6.0,5.0,100.0,,2021-01-04 18:06:36.068006+00:00,2021-01-04 18:06:36.068058+00:00
667,72,234114,5.0,6.5,100.0,,2021-01-04 18:06:59.788096+00:00,2021-01-04 18:06:59.788123+00:00
668,72,324033,7.5,6.5,89.0,,2021-01-04 18:07:22.857744+00:00,2021-01-04 18:07:22.857780+00:00
669,72,94347,5.5,4.5,90.0,,2021-01-04 18:07:49.262987+00:00,2021-01-04 18:07:49.263024+00:00
670,72,94210,5.0,5.5,96.0,,2021-01-04 18:08:45.078789+00:00,2021-01-04 18:08:45.078833+00:00
671,72,94219,5.5,6.0,96.0,,2021-01-04 18:09:08.631910+00:00,2021-01-04 18:09:08.631939+00:00
672,72,94201,6.0,6.0,90.0,,2021-01-04 18:09:44.827725+00:00,2021-01-04 18:09:44.827765+00:00
673,72,94412,7.0,6.0,100.0,,2021-01-04 18:11:13.223736+00:00,2021-01-04 18:11:13.223784+00:00
674,74,34010,10.0,7.5,54.0,,2021-01-04 20:42:50.250801+00:00,2021-01-04 20:42:50.250846+00:00
675,75,234114,7.0,4.0,,,2021-01-04 21:31:59.621865+00:00,2021-01-04 21:31:59.621915+00:00
676,75,114075,9.0,7.0,,,2021-01-04 21:32:57.639167+00:00,2021-01-04 21:32:57.639208+00:00
677,75,234118,4.0,7.0,,,2021-01-04 21:33:33.351435+00:00,2021-01-04 21:33:33.351478+00:00
678,75,234124,3.0,9.0,,,2021-01-04 21:33:59.208064+00:00,2021-01-04 21:33:59.208106+00:00
679,75,104134,3.0,3.0,,,2021-01-04 21:34:58.855271+00:00,2021-01-04 21:34:58.855322+00:00
680,76,94224,7.5,9.0,94.0,,2021-01-04 21:36:44.491658+00:00,2021-01-04 21:36:44.491683+00:00
681,76,44252,6.5,8.0,87.0,,2021-01-04 21:37:22.702060+00:00,2021-01-04 21:37:22.702106+00:00
682,76,234124,7.5,9.5,91.0,,2021-01-04 21:38:06.090409+00:00,2021-01-04 21:38:06.090461+00:00
683,76,234292,4.0,4.0,94.0,,2021-01-04 21:38:31.432042+00:00,2021-01-04 21:38:31.432080+00:00
684,76,94411,8.0,4.5,82.0,,2021-01-04 21:38:56.779972+00:00,2021-01-04 21:39:06.344018+00:00
685,76,234114,3.0,4.0,97.0,,2021-01-04 21:39:28.150718+00:00,2021-01-04 21:39:28.150767+00:00
686,76,114020,9.0,8.0,92.0,,2021-01-04 21:39:57.605585+00:00,2021-01-04 21:39:57.605643+00:00
687,76,104033,3.0,3.0,90.0,,2021-01-04 21:41:04.066369+00:00,2021-01-04 21:41:04.066412+00:00
688,76,104134,6.5,3.0,90.0,,2021-01-04 21:41:29.130361+00:00,2021-01-04 21:41:29.130449+00:00
689,77,44102,3.5,1.5,80.0,,2021-01-04 22:05:17.619499+00:00,2021-01-04 22:05:17.619633+00:00
690,77,104031,9.0,9.0,68.0,,2021-01-04 22:05:52.665500+00:00,2021-01-04 22:05:52.665550+00:00
691,77,104016,7.5,8.0,94.0,,2021-01-04 22:06:19.355143+00:00,2021-01-04 22:06:19.355197+00:00
692,77,114071,7.5,5.0,86.0,,2021-01-04 22:06:49.914009+00:00,2021-01-04 22:06:49.914059+00:00
694,77,324033,5.0,5.0,83.0,,2021-01-04 22:07:48.035202+00:00,2021-01-04 22:07:48.035248+00:00
695,77,44252,8.5,8.5,78.0,,2021-01-04 22:08:30.920547+00:00,2021-01-04 22:08:30.920589+00:00
698,77,114075,7.0,6.5,79.0,,2021-01-04 22:09:56.023308+00:00,2021-01-04 22:12:41.596714+00:00
697,77,104035,7.0,7.5,81.0,,2021-01-04 22:09:24.485610+00:00,2021-01-04 22:12:53.359515+00:00
696,77,104013,7.5,7.0,100.0,,2021-01-04 22:08:59.767278+00:00,2021-01-04 22:13:08.401154+00:00
693,77,234117,7.0,8.0,73.0,,2021-01-04 22:07:22.083853+00:00,2021-01-04 22:13:25.244087+00:00
699,80,104195,8.5,9.0,9.0,,2021-01-05 00:02:14.951027+00:00,2021-01-05 00:02:14.951052+00:00
700,82,104031,8.0,8.0,94.0,,2021-01-05 06:28:41.115666+00:00,2021-01-05 06:28:41.115712+00:00
701,82,94591,2.0,1.0,85.0,,2021-01-05 06:29:22.125692+00:00,2021-01-05 06:29:22.125748+00:00
702,82,104013,5.0,5.0,98.0,,2021-01-05 06:29:52.407634+00:00,2021-01-05 06:29:52.407691+00:00
703,82,104035,6.5,5.0,86.0,,2021-01-05 06:30:19.197842+00:00,2021-01-05 06:30:19.199396+00:00
704,82,114020,4.0,9.0,88.0,,2021-01-05 06:30:48.390236+00:00,2021-01-05 06:30:48.390294+00:00
705,82,114076,9.0,6.5,75.0,,2021-01-05 06:31:24.070631+00:00,2021-01-05 06:31:24.070690+00:00
706,82,234117,2.5,3.5,91.0,,2021-01-05 06:31:50.204073+00:00,2021-01-05 06:31:50.204131+00:00
707,82,44105,5.0,8.0,96.0,,2021-01-05 06:32:55.213986+00:00,2021-01-05 06:32:55.214030+00:00
708,82,104221,6.0,5.0,83.0,,2021-01-05 06:33:26.724816+00:00,2021-01-05 06:33:26.724973+00:00
709,82,104223,5.0,5.0,82.0,,2021-01-05 06:33:47.400831+00:00,2021-01-05 06:33:47.400917+00:00
710,82,114101,9.5,7.0,92.0,,2021-01-05 06:34:14.872051+00:00,2021-01-05 06:34:14.872108+00:00
711,82,104034,3.0,3.0,100.0,,2021-01-05 06:34:34.866861+00:00,2021-01-05 06:34:34.866918+00:00
712,82,114030,5.0,6.5,86.0,,2021-01-05 06:35:07.136078+00:00,2021-01-05 06:35:07.136130+00:00
713,82,44131,5.0,6.5,89.0,,2021-01-05 06:35:34.560473+00:00,2021-01-05 06:35:34.560529+00:00
714,82,44252,3.5,3.5,90.0,,2021-01-05 06:36:00.217826+00:00,2021-01-05 06:36:00.217884+00:00
715,82,114036,5.0,5.0,94.0,,2021-01-05 06:36:22.315950+00:00,2021-01-05 06:36:22.315993+00:00
716,82,114102,3.5,7.0,100.0,,2021-01-05 06:36:41.555943+00:00,2021-01-05 06:36:41.555998+00:00
717,82,115203,6.0,6.0,97.0,,2021-01-05 06:37:09.681961+00:00,2021-01-05 06:37:09.682018+00:00
718,82,44157,4.0,9.0,96.0,,2021-01-05 06:37:38.065572+00:00,2021-01-05 06:37:38.065621+00:00
719,83,234114,3.5,6.5,82.0,,2021-01-06 08:10:06.323459+00:00,2021-01-06 08:10:06.323525+00:00
720,83,234129,8.0,3.0,63.0,,2021-01-06 08:10:58.025060+00:00,2021-01-06 08:10:58.025118+00:00
721,83,104031,4.5,7.0,90.0,,2021-01-06 08:13:06.541907+00:00,2021-01-06 08:13:06.541972+00:00
722,83,104166,4.0,5.0,86.0,,2021-01-06 08:13:33.890741+00:00,2021-01-06 08:13:33.890805+00:00
750,84,114036,7.5,6.5,,,2021-01-06 08:48:39.536813+00:00,2021-01-06 08:48:39.536883+00:00
724,84,104195,7.0,7.0,,,2021-01-06 08:36:07.537998+00:00,2021-01-06 08:36:07.538071+00:00
725,84,104166,4.0,6.5,,,2021-01-06 08:36:47.141345+00:00,2021-01-06 08:36:47.141413+00:00
728,84,114074,9.0,8.0,,,2021-01-06 08:37:21.573813+00:00,2021-01-06 08:37:21.573872+00:00
732,84,104001,3.0,2.0,,,2021-01-06 08:38:22.044032+00:00,2021-01-06 08:38:22.044090+00:00
734,84,114020,5.0,5.0,,,2021-01-06 08:39:32.849481+00:00,2021-01-06 08:39:32.849547+00:00
736,84,234114,2.5,3.5,,,2021-01-06 08:40:53.464088+00:00,2021-01-06 08:40:53.464141+00:00
737,84,104172,6.5,4.0,,,2021-01-06 08:41:54.271883+00:00,2021-01-06 08:41:54.271950+00:00
738,84,104173,7.0,5.5,,,2021-01-06 08:42:22.638063+00:00,2021-01-06 08:42:22.638125+00:00
739,84,104281,8.5,7.0,,,2021-01-06 08:42:45.565002+00:00,2021-01-06 08:42:45.565061+00:00
740,84,104286,5.0,5.5,,,2021-01-06 08:43:17.247078+00:00,2021-01-06 08:43:29.926970+00:00
741,84,114021,7.5,9.0,,,2021-01-06 08:43:46.861805+00:00,2021-01-06 08:43:46.861859+00:00
742,84,114076,9.5,7.0,,,2021-01-06 08:44:12.039829+00:00,2021-01-06 08:44:12.039893+00:00
743,84,134020,4.0,4.0,,,2021-01-06 08:45:28.190881+00:00,2021-01-06 08:45:28.190940+00:00
744,84,104122,5.5,5.0,,,2021-01-06 08:45:56.381799+00:00,2021-01-06 08:45:56.381851+00:00
745,84,104222,7.5,6.0,,,2021-01-06 08:46:36.244041+00:00,2021-01-06 08:46:36.244100+00:00
746,84,104285,5.5,3.5,,,2021-01-06 08:46:54.651086+00:00,2021-01-06 08:46:54.651122+00:00
747,84,114086,6.0,5.0,,,2021-01-06 08:47:09.081078+00:00,2021-01-06 08:47:09.081149+00:00
748,84,114101,8.0,7.0,,,2021-01-06 08:47:30.699328+00:00,2021-01-06 08:47:30.699390+00:00
749,84,104030,7.0,5.0,,,2021-01-06 08:47:59.607846+00:00,2021-01-06 08:48:06.816667+00:00
751,84,114102,4.0,4.5,,,2021-01-06 08:48:57.559384+00:00,2021-01-06 08:48:57.559445+00:00
753,84,115203,8.5,7.5,,,2021-01-06 08:51:12.613043+00:00,2021-01-06 08:51:12.613102+00:00
752,84,114246,8.5,7.0,,,2021-01-06 08:50:52.961857+00:00,2021-01-06 08:51:20.094895+00:00
754,84,114035,7.0,8.5,,,2021-01-06 08:51:50.268233+00:00,2021-01-06 08:51:50.268282+00:00
755,87,104033,5.0,3.0,79.0,,2021-01-06 19:31:34.677625+00:00,2021-01-06 19:31:34.677691+00:00
756,87,104134,7.0,3.5,86.0,,2021-01-06 19:32:34.462806+00:00,2021-01-06 19:32:34.462865+00:00
757,87,234218,8.0,9.0,73.0,,2021-01-06 19:33:57.577988+00:00,2021-01-06 19:33:57.578049+00:00
758,87,234124,8.5,9.5,57.0,,2021-01-06 19:34:37.800837+00:00,2021-01-06 19:34:37.800900+00:00
759,87,114075,8.0,7.0,91.0,,2021-01-06 19:35:35.944338+00:00,2021-01-06 19:35:35.944396+00:00
760,87,104135,3.0,3.0,60.0,,2021-01-06 19:36:02.911299+00:00,2021-01-06 19:36:02.911352+00:00
761,87,94412,8.0,6.5,77.0,,2021-01-06 19:36:29.415933+00:00,2021-01-06 19:36:29.415985+00:00
762,87,44252,7.0,8.0,88.0,,2021-01-06 19:36:53.184738+00:00,2021-01-06 19:36:53.184794+00:00
763,87,104166,9.0,8.0,64.0,,2021-01-06 19:38:28.131831+00:00,2021-01-06 19:38:28.131896+00:00
764,87,234114,7.0,7.5,81.0,,2021-01-06 19:39:03.250144+00:00,2021-01-06 19:39:03.250207+00:00
765,87,104031,9.0,8.0,64.0,,2021-01-06 19:42:40.321737+00:00,2021-01-06 19:42:40.321790+00:00
766,87,114071,8.0,6.5,66.0,,2021-01-06 19:53:18.624061+00:00,2021-01-06 19:53:18.624121+00:00
767,89,234118,6.0,6.5,,,2021-01-07 09:41:48.235236+00:00,2021-01-07 09:41:48.235288+00:00
768,89,104032,7.5,5.0,,,2021-01-07 09:42:07.720788+00:00,2021-01-07 09:42:07.720911+00:00
769,38,46193,8.5,8.0,95.0,,2021-02-16 16:14:40.464228+00:00,2021-02-16 16:14:40.464429+00:00
770,38,46201,7.0,5.5,97.0,,2021-02-16 16:15:02.629996+00:00,2021-02-16 16:15:02.630051+00:00
771,38,124108,7.0,3.0,,,2021-02-16 16:16:01.922944+00:00,2021-02-16 16:16:01.922997+00:00
772,38,116040,7.5,7.5,99.0,,2021-02-16 16:16:21.219984+00:00,2021-02-16 16:16:21.220016+00:00
310,4,104223,7.0,6.5,76.0,,2020-11-03 12:49:24.544234+00:00,2021-02-20 19:36:03.696213+00:00
774,4,46209,7.5,9.0,93.0,,2021-02-24 15:43:27.314518+00:00,2021-02-24 15:43:27.314545+00:00
775,4,46195,8.0,6.5,,,2021-02-24 15:43:45.741639+00:00,2021-02-24 15:43:45.741681+00:00
776,4,234247,9.5,3.5,75.0,,2021-02-24 15:44:09.366816+00:00,2021-02-24 15:44:09.366873+00:00
777,4,236501,4.5,6.0,,,2021-02-24 15:44:28.302732+00:00,2021-02-24 15:44:28.302759+00:00
778,4,46210,7.0,4.5,96.0,,2021-02-24 15:44:53.472734+00:00,2021-02-24 15:44:53.472761+00:00
779,1,336546,5.0,5.0,,,2021-02-24 16:50:48.195540+00:00,2021-02-24 16:50:48.195563+00:00
780,4,104031,8.5,6.0,,,2021-02-24 17:27:39.295688+00:00,2021-02-24 17:27:39.295750+00:00
